{"BulboTree":1,"OrangeMushroom":1,"PurpleVasePlant":1,"SmallKoosh":1,"MediumKoosh":1,"AcidMushroom":3,"WhiteMushroom":3,"PinkMushroom":3,"PurpleRattle":3,"MelonPlant":3,"SmallMelon":3,"Melon":3,"PurpleBrainCoral":1,"SpikePlant":1,"BluePalm":1,"PurpleFan":2,"SmallFan":1,"SmallFanCluster":4,"PurpleTentacle":2,"JellyPlant":1,"GabeSFeather":1,"SeaCrown":2,"MembrainTree":1,"PinkFlower":3,"FernPalm":1,"OrangePetalsPlant":1,"EyesPlant":1,"RedGreenTentacle":1,"PurpleStalk":1,"RedBasketPlant":1,"RedBush":1,"RedConePlant":1,"ShellGrass":1,"SpottedLeavesPlant":1,"RedRollPlant":1,"PurpleBranches":1,"SnakeMushroom":1}