{"Creepvine":2529,"GenericJeweledDisk":3501,"BlueJeweledDisk":3501,"GreenJeweledDisk":3501,"PurpleJeweledDisk":3501,"RedJeweledDisk":3501,"TreeMushroom":3505,"BigCoralTubes":3502,"CoralShellPlate":3502,"SmallKoosh":3503,"MediumKoosh":3503,"LargeKoosh":3503,"HugeKoosh":3503,"BulboTree":3506,"OrangeMushroom":3507,"PurpleVasePlant":3508,"AcidMushroom":3509,"WhiteMushroom":3510,"PinkMushroom":3511,"PurpleRattle":3512,"MelonPlant":3517,"Melon":3517,"SmallMelon":3517,"PurpleBrainCoral":3518,"SpikePlant":3519,"BluePalm":3520,"PurpleFan":3521,"SmallFan":3522,"SmallFanCluster":3522,"PurpleTentacle":3523,"JellyPlant":3524,"GabeSFeather":3525,"SeaCrown":3526,"MembrainTree":3527,"PinkFlower":3528,"FernPalm":3529,"OrangePetalsPlant":3530,"EyesPlant":3531,"RedGreenTentacle":3532,"PurpleStalk":3533,"RedBasketPlant":3534,"RedBush":3535,"RedConePlant":3536,"ShellGrass":3537,"SpottedLeavesPlant":3538,"RedRollPlant":3539,"PurpleBranches":3540,"SnakeMushroom":3541}