{"BallClusters":3,"BarnacleSuckers":3,"BlueBarnacle":1,"BlueBarnacleCluster":1,"BlueCoralTubes":1,"Mohawk":3,"GenericJeweledDisk":1,"BlueJeweledDisk":1,"GreenJeweledDisk":1,"PurpleJeweledDisk":1,"RedJeweledDisk":1,"SmallKoosh":3,"MediumKoosh":3,"LargeKoosh":3,"HugeKoosh":3,"BigCoralTubes":3,"CoralShellPlate":1,"CoralChunk":2,"TreeMushroom":3,"BlueCluster":3,"Stalker":4,"Bladderfish":4,"Creepvine":3,"BulboTree":3,"OrangeMushroom":3,"PurpleVasePlant":3,"AcidMushroom":3,"WhiteMushroom":3,"PinkMushroom":3,"PurpleRattle":3,"MelonPlant":3,"Melon":3,"SmallMelon":3,"PurpleBrainCoral":3,"SpikePlant":3,"BluePalm":3,"PurpleFan":3,"SmallFan":3,"SmallFanCluster":3,"PurpleTentacle":3,"JellyPlant":3,"GabeSFeather":3,"SeaCrown":3,"MembrainTree":3,"PinkFlower":3,"FernPalm":3,"OrangePetalsPlant":3,"EyesPlant":3,"RedGreenTentacle":3,"PurpleStalk":3,"RedBasketPlant":3,"RedBush":3,"RedConePlant":3,"ShellGrass":3,"SpottedLeavesPlant":3,"RedRollPlant":3,"PurpleBranches":3,"SnakeMushroom":3,"Copper":2,"CreepvineSeedCluster":2,"Gold":2,"GrandReefsEgg":2,"GrassyPlateausEgg":2,"KelpForestEgg":2,"KooshZoneEgg":2,"LavaZoneEgg":2,"LimestoneChunk":5,"SandstoneChunk":5,"ShaleChunk":5,"BasaltChunk":5,"ObsidianChunk":5,"ScrapMetal":2,"MushroomForestEgg":2,"SandLoot":2,"Quartz":2,"SafeShallowsEgg":2,"Salt":2,"TwistyBridgesEgg":2,"Signal":2}