{"ScrapMetal":{"x":2,"y":2},"SeaTreaderPoop":{"x":2,"y":2},"Constructor":{"x":3,"y":3},"Gravsphere":{"x":2,"y":2},"CyclopsDecoy":{"x":1,"y":2},"MapRoomCamera":{"x":2,"y":2},"StasisRifle":{"x":2,"y":2},"PropulsionCannon":{"x":2,"y":2},"RepulsionCannon":{"x":2,"y":2},"Seaglide":{"x":2,"y":3},"PowerGlide":{"x":2,"y":3},"SmallStorage":{"x":2,"y":2},"Knife":{"x":1,"y":1},"DiamondBlade":{"x":1,"y":1},"HeatBlade":{"x":1,"y":1},"Builder":{"x":1,"y":1},"Beacon":{"x":1,"y":1},"FireExtinguisher":{"x":1,"y":1},"Tank":{"x":2,"y":3},"PlasteelTank":{"x":2,"y":3},"DoubleTank":{"x":2,"y":3},"HighCapacityTank":{"x":3,"y":3},"Fins":{"x":2,"y":2},"SwimChargeFins":{"x":2,"y":2},"UltraGlideFins":{"x":2,"y":2},"RadiationGloves":{"x":2,"y":2},"ReinforcedGloves":{"x":2,"y":2},"RadiationHelmet":{"x":2,"y":2},"Rebreather":{"x":2,"y":2},"RadiationSuit":{"x":2,"y":2},"ReinforcedDiveSuit":{"x":2,"y":2},"Stillsuit":{"x":2,"y":2},"LabContainer":{"x":2,"y":2},"LabEquipment1":{"x":2,"y":2},"LabEquipment2":{"x":2,"y":2},"LabEquipment3":{"x":2,"y":2},"LuggageBag":{"x":2,"y":2},"PrecursorKey_White":{"x":2,"y":2},"ToyCar":{"x":2,"y":2},"BulboTreePiece":{"x":2,"y":2},"BulboTree":{"x":2,"y":2},"FernPalmSeed":{"x":2,"y":2},"FernPalm":{"x":2,"y":2},"HangingFruit":{"x":2,"y":2},"HangingFruitTree":{"x":2,"y":2},"Melon":{"x":2,"y":2},"MelonSeed":{"x":1,"y":1},"MelonPlant":{"x":1,"y":1},"OrangeMushroomSpore":{"x":2,"y":2},"OrangeMushroom":{"x":2,"y":2},"OrangePetalsPlantSeed":{"x":2,"y":2},"OrangePetalsPlant":{"x":2,"y":2},"PinkFlowerSeed":{"x":1,"y":1},"PinkFlower":{"x":1,"y":1},"PinkMushroomSpore":{"x":1,"y":1},"PinkMushroom":{"x":1,"y":1},"PurpleRattleSpore":{"x":1,"y":1},"PurpleRattle":{"x":1,"y":1},"PurpleVasePlantSeed":{"x":2,"y":2},"PurpleVasePlant":{"x":2,"y":2},"PurpleVegetable":{"x":2,"y":2},"PurpleVegetablePlant":{"x":2,"y":2},"AcidMushroomSpore":{"x":1,"y":1},"AcidMushroom":{"x":1,"y":1},"BloodOil":{"x":2,"y":2},"BloodVine":{"x":2,"y":2},"BluePalmSeed":{"x":2,"y":2},"BluePalm":{"x":2,"y":2},"CreepvinePiece":{"x":2,"y":2},"CreepvineSeedCluster":{"x":2,"y":2},"Creepvine":{"x":2,"y":2},"EyesPlantSeed":{"x":2,"y":2},"EyesPlant":{"x":2,"y":2},"GabeSFeatherSeed":{"x":2,"y":2},"GabeSFeather":{"x":2,"y":2},"JellyPlantSeed":{"x":1,"y":1},"JellyPlant":{"x":1,"y":1},"KooshChunk":{"x":2,"y":2},"SmallKoosh":{"x":2,"y":2},"MembrainTreeSeed":{"x":2,"y":2},"MembrainTree":{"x":2,"y":2},"PurpleBrainCoralPiece":{"x":2,"y":2},"PurpleBrainCoral":{"x":2,"y":2},"PurpleBranchesSeed":{"x":2,"y":2},"PurpleBranches":{"x":2,"y":2},"PurpleFanSeed":{"x":1,"y":1},"PurpleFan":{"x":1,"y":1},"PurpleStalkSeed":{"x":2,"y":2},"PurpleStalk":{"x":2,"y":2},"PurpleTentacleSeed":{"x":1,"y":1},"PurpleTentacle":{"x":1,"y":1},"RedBasketPlantSeed":{"x":2,"y":2},"RedBasketPlant":{"x":2,"y":2},"RedBushSeed":{"x":2,"y":2},"RedBush":{"x":2,"y":2},"RedConePlantSeed":{"x":2,"y":2},"RedConePlant":{"x":2,"y":2},"RedGreenTentacleSeed":{"x":2,"y":2},"RedGreenTentacle":{"x":2,"y":2},"RedRollPlantSeed":{"x":2,"y":2},"RedRollPlant":{"x":2,"y":2},"SeaCrownSeed":{"x":2,"y":2},"SeaCrown":{"x":2,"y":2},"ShellGrassSeed":{"x":2,"y":2},"ShellGrass":{"x":2,"y":2},"SmallFanSeed":{"x":1,"y":1},"SmallFan":{"x":1,"y":1},"SnakeMushroomSpore":{"x":2,"y":2},"SnakeMushroom":{"x":2,"y":2},"SpikePlantSeed":{"x":2,"y":2},"SpikePlant":{"x":2,"y":2},"SpottedLeavesPlantSeed":{"x":2,"y":2},"SpottedLeavesPlant":{"x":2,"y":2},"WhiteMushroomSpore":{"x":1,"y":1},"WhiteMushroom":{"x":1,"y":1},"BonesharkEgg":{"x":2,"y":2},"BonesharkEggUndiscovered":{"x":2,"y":2},"CrabsnakeEgg":{"x":2,"y":2},"CrabsnakeEggUndiscovered":{"x":2,"y":2},"CrabsquidEgg":{"x":2,"y":2},"CrabsquidEggUndiscovered":{"x":2,"y":2},"GasopodEgg":{"x":2,"y":2},"GasopodEggUndiscovered":{"x":2,"y":2},"JellyrayEgg":{"x":2,"y":2},"JellyrayEggUndiscovered":{"x":2,"y":2},"LavaLizardEgg":{"x":2,"y":2},"LavaLizardEggUndiscovered":{"x":2,"y":2},"ReefbackEgg":{"x":3,"y":3},"ReefbackEggUndiscovered":{"x":3,"y":3},"SandsharkEgg":{"x":2,"y":2},"SandsharkEggUndiscovered":{"x":2,"y":2},"ShockerEgg":{"x":2,"y":2},"ShockerEggUndiscovered":{"x":2,"y":2},"StalkerEgg":{"x":2,"y":2},"StalkerEggUndiscovered":{"x":2,"y":2},"Jumper":{"x":2,"y":2},"RabbitRay":{"x":2,"y":2},"Mesmer":{"x":2,"y":2},"Crash":{"x":2,"y":2},"Cutefish":{"x":2,"y":2},"Jellyray":{"x":3,"y":3},"Stalker":{"x":3,"y":3},"LavaLizard":{"x":3,"y":3},"BoneShark":{"x":3,"y":3},"Crabsnake":{"x":3,"y":3},"Gasopod":{"x":3,"y":3},"CrabSquid":{"x":3,"y":3},"Shocker":{"x":3,"y":3},"Sandshark":{"x":3,"y":3},"Reefback":{"x":4,"y":4}}