{"AcidMushroom":"event:/loot/pickup_organic","CreepvinePiece":"event:/loot/pickup_organic","OrangeMushroom":"event:/loot/pickup_organic","MelonPlant":"event:/loot/pickup_organic","PinkMushroom":"event:/loot/pickup_organic","WhiteMushroom":"event:/loot/pickup_organic","Bladderfish":"event:/loot/pickup_fish","Boomerang":"event:/loot/pickup_fish","Cutefish":"event:/loot/pickup_fish","Eyeye":"event:/loot/pickup_fish","GarryFish":"event:/loot/pickup_fish","HoleFish":"event:/loot/pickup_fish","Hoverfish":"event:/loot/pickup_fish","Hoopfish":"event:/loot/pickup_fish","LavaLarva":"event:/loot/pickup_fish","Oculus":"event:/loot/pickup_fish","Peeper":"event:/loot/pickup_fish","Reginald":"event:/loot/pickup_fish","Spadefish":"event:/loot/pickup_fish","SafeShallowsEgg":"event:/loot/pickup_egg","KelpForestEgg":"event:/loot/pickup_egg","GrassyPlateausEgg":"event:/loot/pickup_egg","GrandReefsEgg":"event:/loot/pickup_egg","MushroomForestEgg":"event:/loot/pickup_egg","KooshZoneEgg":"event:/loot/pickup_egg","TwistyBridgesEgg":"event:/loot/pickup_egg","LavaZoneEgg":"event:/loot/pickup_egg","StalkerEgg":"event:/loot/pickup_egg","ReefbackEgg":"event:/loot/pickup_egg","SpadefishEgg":"event:/loot/pickup_egg","RabbitrayEgg":"event:/loot/pickup_egg","RabbitrayEggUndiscovered":"event:/loot/pickup_egg","JellyrayEggUndiscovered":"event:/loot/pickup_egg","StalkerEggUndiscovered":"event:/loot/pickup_egg","ReefbackEggUndiscovered":"event:/loot/pickup_egg","JumperEggUndiscovered":"event:/loot/pickup_egg","BonesharkEggUndiscovered":"event:/loot/pickup_egg","GasopodEggUndiscovered":"event:/loot/pickup_egg","MesmerEggUndiscovered":"event:/loot/pickup_egg","SandsharkEggUndiscovered":"event:/loot/pickup_egg","ShockerEggUndiscovered":"event:/loot/pickup_egg","Fins":"event:/loot/pickup_fins","UltraGlideFins":"event:/loot/pickup_fins","SwimChargeFins":"event:/loot/pickup_fins","DiveSuit":"event:/loot/pickup_suit","RadiationSuit":"event:/loot/pickup_suit","Stillsuit":"event:/loot/pickup_suit","Tank":"event:/loot/pickup_tank","PlasteelTank":"event:/loot/pickup_tank","HighCapacityTank":"event:/loot/pickup_tank","Floater":"event:/loot/floater/floater_pickup","LEDLight":"event:/tools/lights/pick_up","AirBladder":"event:/tools/airbladder/airbladder_pickup"}