{"0":"None","1":"Quartz","2":"ScrapMetal","3":"FiberMesh","4":"LimestoneChunk","5":"CalciteOld","6":"DolomiteOld","7":"Copper","8":"Lead","9":"Salt","10":"FlintOld","11":"EmeryOld","12":"MercuryOre","13":"CalciumChunk","14":"Placeholder","15":"Glass","16":"Titanium","17":"Silicone","18":"CarbonOld","19":"EthanolOld","20":"EthyleneOld","21":"Gold","22":"Magnesium","23":"Sulphur","24":"HydrogenOld","25":"Lodestone","26":"SandLoot","27":"Bleach","28":"Silver","29":"BatteryAcidOld","30":"TitaniumIngot","31":"SandstoneChunk","32":"CopperWire","33":"WiringKit","34":"AdvancedWiringKit","35":"CrashPowder","36":"Diamond","37":"BasaltChunk","38":"ShaleChunk","39":"ObsidianChunk","40":"Lithium","41":"PlasteelIngot","42":"EnameledGlass","43":"PowerCell","44":"ComputerChip","45":"Fiber","46":"Enamel","47":"AcidOld","48":"VesselOld","49":"CombustibleOld","50":"OpalGem","51":"Uranium","52":"AluminumOxide","53":"HydrochloricAcid","54":"Magnetite","55":"AminoAcids","56":"Polyaniline","57":"AramidFibers","58":"Graphene","59":"Aerogel","60":"Nanowires","61":"Benzene","62":"Lubricant","63":"UraniniteCrystal","64":"ReactorRod","65":"DepletedReactorRod","66":"PrecursorIonCrystal","67":"PrecursorIonCrystalMatrix","68":"Kyanite","69":"Nickel","70":"DrillableSalt","71":"DrillableQuartz","72":"DrillableCopper","73":"DrillableTitanium","74":"DrillableLead","75":"DrillableSilver","76":"DrillableDiamond","77":"DrillableGold","78":"DrillableMagnetite","79":"DrillableLithium","80":"DrillableMercury","81":"DrillableUranium","82":"DrillableAluminiumOxide","83":"DrillableNickel","84":"DrillableSulphur","85":"DrillableKyanite","500":"DiveSuit","501":"ShipComputerOld","502":"Fins","503":"Tank","504":"Battery","505":"Knife","506":"Drill","507":"Flashlight","508":"Beacon","509":"Builder","510":"PDA","511":"EscapePod","512":"Compass","513":"AirBladder","514":"Terraformer","515":"Pipe","516":"Thermometer","517":"DiveReel","518":"Rebreather","519":"RadiationSuit","520":"RadiationHelmet","521":"RadiationGloves","522":"ReinforcedDiveSuit","523":"Scanner","524":"FireExtinguisher","525":"MapRoomHUDChip","526":"PipeSurfaceFloater","527":"CyclopsDecoy","528":"DoubleTank","529":"ReinforcedGloves","750":"Welder","751":"Seaglide","752":"Constructor","753":"Transfuser","754":"Flare","755":"StasisRifle","756":"BuildBot","757":"PropulsionCannon","758":"Gravsphere","759":"SmallStorage","760":"StasisSphere","761":"LaserCutter","762":"LEDLight","800":"DiamondBlade","801":"HeatBlade","802":"LithiumIonBattery","803":"PlasteelTank","804":"HighCapacityTank","805":"UltraGlideFins","806":"SwimChargeFins","807":"RepulsionCannon","808":"Stillsuit","809":"PowerGlide","900":"CompostCreepvine","901":"ProcessUranium","950":"PrecursorIonEnergyBlueprint","1000":"FabricatorBlueprintOld","1001":"ConstructorBlueprint","1002":"CyclopsBlueprint","1003":"FragmentAnalyzerBlueprintOld","1004":"LockerBlueprint","1005":"SpecialHullPlateBlueprintOld","1006":"BikemanHullPlateBlueprintOld","1007":"EatMyDictionHullPlateBlueprintOld","1008":"DevTestItemBlueprintOld","1009":"SeamothBlueprint","1010":"StasisRifleBlueprint","1011":"ExosuitBlueprint","1012":"TransfuserBlueprint","1013":"TerraformerBlueprint","1014":"ReinforceHullBlueprint","1015":"WorkbenchBlueprint","1016":"PropulsionCannonBlueprint","1017":"SpecimenAnalyzerBlueprint","1018":"BioreactorBlueprint","1019":"ThermalPlantBlueprint","1020":"NuclearReactorBlueprint","1021":"MoonpoolBlueprint","1022":"FiltrationMachineBlueprint","1023":"TechlightBlueprint","1024":"LEDLightBlueprint","1025":"CyclopsHullBlueprint","1026":"CyclopsBridgeBlueprint","1027":"CyclopsEngineBlueprint","1028":"CyclopsDockingBayBlueprint","1029":"SpotlightBlueprint","1030":"RadioBlueprint","1031":"StarshipCargoCrateBlueprint","1032":"StarshipCircuitBoxBlueprint","1033":"StarshipDeskBlueprint","1034":"StarshipChairBlueprint","1035":"StarshipMonitorBlueprint","1036":"SolarPanelBlueprint","1037":"PowerTransmitterBlueprint","1038":"BaseUpgradeConsoleBlueprint","1039":"BaseObservatoryBlueprint","1040":"BaseWaterParkBlueprint","1041":"PictureFrameBlueprint","1042":"BaseRoomBlueprint","1043":"BaseBulkheadBlueprint","1044":"SeaglideBlueprint","1045":"BatteryChargerBlueprint","1046":"PowerCellChargerBlueprint","1047":"FarmingTrayBlueprint","1048":"SignBlueprint","1049":"BenchBlueprint","1050":"PlanterPotBlueprint","1051":"PlanterBoxBlueprint","1052":"PlanterShelfBlueprint","1053":"AquariumBlueprint","1054":"ReinforcedDiveSuitBlueprint","1055":"RadiationSuitBlueprint","1056":"StillsuitBlueprint","1057":"ScannerRoomBlueprint","1058":"BasePlanterBlueprint","1059":"PlanterPot2Blueprint","1060":"PlanterPot3Blueprint","1061":"MedicalCabinetBlueprint","1062":"BaseMapRoomBlueprint","1100":"SeamothFragment","1101":"StasisRifleFragment","1102":"ExosuitFragment","1103":"TransfuserFragment","1104":"TerraformerFragment","1105":"ReinforceHullFragment","1106":"WorkbenchFragment","1107":"PropulsionCannonFragment","1108":"BioreactorFragment","1109":"ThermalPlantFragment","1110":"NuclearReactorFragment","1111":"MoonpoolFragment","1112":"BaseFiltrationMachineFragment","1113":"CyclopsHullFragment","1114":"CyclopsBridgeFragment","1115":"CyclopsEngineFragment","1116":"CyclopsDockingBayFragment","1117":"SeaglideFragment","1118":"ConstructorFragment","1119":"SolarPanelFragment","1120":"PowerTransmitterFragment","1121":"BaseUpgradeConsoleFragment","1122":"BaseObservatoryFragment","1123":"BaseWaterParkFragment","1124":"RadioFragment","1125":"BaseRoomFragment","1126":"BaseBulkheadFragment","1127":"BatteryChargerFragment","1128":"PowerCellChargerFragment","1129":"ScannerRoomFragment","1130":"SpecimenAnalyzerFragment","1131":"FarmingTrayFragment","1132":"SignFragment","1133":"PictureFrameFragment","1134":"BenchFragment","1135":"PlanterPotFragment","1136":"PlanterBoxFragment","1137":"PlanterShelfFragment","1138":"AquariumFragment","1139":"ReinforcedDiveSuitFragment","1140":"RadiationSuitFragment","1141":"StillsuitFragment","1142":"BuilderFragment","1143":"LEDLightFragment","1144":"TechlightFragment","1145":"SpotlightFragment","1146":"BaseMapRoomFragment","1147":"BaseBioReactorFragment","1148":"BaseNuclearReactorFragment","1149":"LaserCutterFragment","1150":"BeaconFragment","1151":"GravSphereFragment","1250":"SafeShallowsEgg","1251":"KelpForestEgg","1252":"GrassyPlateausEgg","1253":"GrandReefsEgg","1254":"MushroomForestEgg","1255":"KooshZoneEgg","1256":"TwistyBridgesEgg","1257":"LavaZoneEgg","1258":"StalkerEgg","1259":"ReefbackEgg","1260":"SpadefishEgg","1261":"RabbitrayEgg","1262":"MesmerEgg","1263":"JumperEgg","1264":"SandsharkEgg","1265":"JellyrayEgg","1266":"BonesharkEgg","1267":"CrabsnakeEgg","1268":"ShockerEgg","1269":"GasopodEgg","1270":"RabbitrayEggUndiscovered","1271":"JellyrayEggUndiscovered","1272":"StalkerEggUndiscovered","1273":"ReefbackEggUndiscovered","1274":"JumperEggUndiscovered","1275":"BonesharkEggUndiscovered","1276":"GasopodEggUndiscovered","1277":"MesmerEggUndiscovered","1278":"SandsharkEggUndiscovered","1279":"ShockerEggUndiscovered","1280":"GenericEgg","1281":"CrashEgg","1282":"CrashEggUndiscovered","1283":"CrabsquidEgg","1284":"CrabsquidEggUndiscovered","1285":"CutefishEgg","1286":"CutefishEggUndiscovered","1287":"LavaLizardEgg","1288":"LavaLizardEggUndiscovered","1289":"CrabsnakeEggUndiscovered","1290":"SpadefishEggUndiscovered","1300":"ReefbackShell","1301":"ReefbackTissue","1302":"ReefbackAdvancedStructure","1400":"ReefbackDNA","1500":"Workbench","1501":"HullReinforcementModule","1502":"Fabricator","1503":"Aquarium","1504":"Locker","1505":"Spotlight","1506":"DiveHatch","1507":"CurrentGenerator","1508":"FragmentAnalyzer","1509":"SpecialHullPlate","1510":"BikemanHullPlate","1511":"EatMyDictionHullPlate","1512":"DevTestItem","1513":"SpecimenAnalyzer","1514":"HullReinforcementModule2","1515":"HullReinforcementModule3","1516":"PowerUpgradeModule","1517":"SolarPanel","1518":"Sign","1519":"PowerTransmitter","1520":"Accumulator","1521":"Bioreactor","1522":"ThermalPlant","1523":"NuclearReactor","1524":"SmallLocker","1525":"Bench","1526":"PictureFrame","1527":"PlanterPot","1528":"PlanterBox","1529":"PlanterShelf","1530":"FarmingTray","1531":"FiltrationMachine","1532":"Techlight","1533":"Radio","1534":"PlanterPot2","1535":"PlanterPot3","1536":"MedicalCabinet","1537":"CyclopsHullModule1","1538":"CyclopsHullModule2","1539":"SingleWallShelf","1540":"WallShelves","1541":"Bed1","1542":"Bed2","1543":"NarrowBed","1544":"BatteryCharger","1545":"PowerCellCharger","1546":"Incubator","1547":"HatchingEnzymes","1548":"EnyzmeCloud","1549":"EnzymeCureBall","1550":"Centrifuge","1551":"CyclopsShieldModule","1552":"CyclopsSonarModule","1553":"CyclopsSeamothRepairModule","1554":"CyclopsDecoyModule","1555":"CyclopsFireSuppressionModule","1556":"CyclopsFabricator","1557":"CyclopsThermalReactorModule","1558":"CyclopsHullModule3","1800":"StarshipCargoCrate","1801":"StarshipCircuitBox","1802":"StarshipDesk","1803":"StarshipChair","1804":"StarshipMonitor","1805":"StarshipChair2","1806":"StarshipChair3","1807":"LuggageBag","1808":"ArcadeGorgetoy","1809":"LabEquipment1","1810":"LabEquipment2","1811":"LabEquipment3","1812":"CoffeeVendingMachine","1813":"BarTable","1814":"Cap1","1815":"Cap2","1816":"LabContainer","1817":"LabContainer2","1818":"LabContainer3","1819":"Trashcans","1820":"LabTrashcan","1821":"VendingMachine","1822":"LabCounter","1823":"StarshipSouvenir","1824":"PosterAurora","1825":"PosterExoSuit1","1826":"PosterExoSuit2","1827":"PosterKitty","1828":"ToyCar","2000":"Seamoth","2001":"Exosuit","2002":"CrashedShip","2003":"Cyclops","2004":"Audiolog","2005":"Signal","2100":"SeamothReinforcementModule","2101":"VehiclePowerUpgradeModule","2102":"SeamothSolarCharge","2103":"VehicleStorageModule","2104":"SeamothElectricalDefense","2105":"VehicleArmorPlating","2106":"LootSensorMetal","2107":"LootSensorLithium","2108":"LootSensorFragment","2109":"SeamothTorpedoModule","2110":"SeamothSonarModule","2111":"WhirlpoolTorpedo","2112":"VehicleHullModule1","2113":"VehicleHullModule2","2114":"VehicleHullModule3","2115":"ExosuitJetUpgradeModule","2116":"ExosuitDrillArmModule","2117":"ExosuitThermalReactorModule","2118":"ExosuitClawArmModule","2119":"GasTorpedo","2120":"ExosuitPropulsionArmModule","2121":"ExosuitGrapplingArmModule","2122":"ExosuitTorpedoArmModule","2123":"ExosuitDrillArmFragment","2124":"ExosuitPropulsionArmFragment","2125":"ExosuitGrapplingArmFragment","2126":"ExosuitTorpedoArmFragment","2127":"ExosuitClawArmFragment","2128":"ExoHullModule1","2129":"ExoHullModule2","2250":"MapRoomUpgradeScanRange","2251":"MapRoomUpgradeScanSpeed","2500":"Creepvine","2501":"HoleFish","2502":"Jumper","2503":"CreepvineSeedCluster","2504":"Peeper","2505":"Oculus","2506":"RabbitRay","2507":"GarryFish","2508":"Slime","2509":"Crash","2510":"Boomerang","2511":"LavaLarva","2512":"Stalker","2513":"Eyeye","2514":"Bloom","2515":"Bladderfish","2516":"Hoverfish","2517":"Jellyray","2518":"Reefback","2519":"Reginald","2520":"Spadefish","2521":"Grabcrab","2522":"Floater","2523":"Gasopod","2524":"Sandshark","2525":"Player","2526":"Bleeder","2527":"Rockgrub","2528":"CrashHome","2529":"CreepvinePiece","2530":"GasPod","2531":"Hoopfish","2532":"HoopfishSchool","2533":"RockPuncher","2534":"BoneShark","2535":"Mesmer","2536":"SeaTreader","2537":"SeaEmperor","2538":"Cutefish","2539":"Crabsnake","2540":"ReaperLeviathan","2541":"CaveCrawler","2542":"Skyray","2543":"Biter","2544":"SkyrayNonRoosting","2545":"Shocker","2546":"Spinefish","2547":"Shuttlebug","2548":"Blighter","2549":"Warper","2550":"CrabSquid","2551":"LavaLizard","2552":"SpineEel","2553":"SeaDragon","2554":"LavaBoomerang","2555":"LavaEyeye","2556":"SeaEmperorBaby","2557":"WarperSpawner","2558":"GhostRayBlue","2559":"GhostRayRed","2560":"ReefbackBaby","2561":"PrecursorDroid","2562":"GhostLeviathan","2563":"SeaEmperorLeviathan","2564":"SeaEmperorJuvenile","2565":"GhostLeviathanJuvenile","2700":"HoleFishAnalysis","2701":"PeeperAnalysis","2702":"BladderfishAnalysis","2703":"GarryFishAnalysis","2704":"HoverfishAnalysis","2705":"ReginaldAnalysis","2706":"SpadefishAnalysis","2707":"BoomerangAnalysis","2708":"EyeyeAnalysis","2709":"OculusAnalysis","2710":"HoopfishAnalysis","2711":"AnalysisTreeOld","2712":"SpinefishAnalysis","3000":"PlantPlaceholder","3001":"BallClusters","3002":"BarnacleSuckers","3003":"BlueBarnacle","3004":"BlueBarnacleCluster","3005":"BlueCoralTubes","3006":"RedGrass","3007":"GreenGrass","3008":"Mohawk","3009":"GreenReeds","3010":"JellyPlant","3011":"BlueJeweledDisk","3012":"GreenJeweledDisk","3013":"PurpleJeweledDisk","3014":"RedJeweledDisk","3015":"SmallKoosh","3016":"MediumKoosh","3017":"LargeKoosh","3018":"HugeKoosh","3019":"MembrainTree","3020":"PurpleFan","3021":"AcidMushroom","3022":"PurpleTentacle","3023":"RedSeaweed","3024":"CoralOldPlaceholder","3025":"CoralShellPlate","3026":"SmallFan","3027":"SmallFanCluster","3028":"BigCoralTubes","3029":"TreeMushroom","3030":"BlueCluster","3031":"BrownTubes","3032":"BloodGrass","3033":"HeatArea","3034":"BloodOil","3035":"WhiteMushroom","3036":"BloodRoot","3037":"BloodVine","3038":"PinkFlower","3039":"PinkMushroom","3040":"PurpleRattle","3041":"BulboTree","3042":"PurpleVasePlant","3043":"OrangeMushroom","3044":"FernPalm","3045":"HangingFruitTree","3046":"PurpleVegetablePlant","3047":"MelonPlant","3048":"BluePalm","3049":"GabeSFeather","3050":"SeaCrown","3051":"OrangePetalsPlant","3052":"EyesPlant","3053":"RedGreenTentacle","3054":"PurpleStalk","3055":"RedBasketPlant","3056":"RedBush","3057":"RedConePlant","3058":"ShellGrass","3059":"SpottedLeavesPlant","3060":"RedRollPlant","3061":"PurpleBranches","3062":"SnakeMushroom","3063":"SeaTreaderPoop","3064":"GenericJeweledDisk","3065":"FloatingStone","3066":"BlueAmoeba","3067":"RedTipRockThings","3068":"BlueTipLostRiverPlant","3069":"BlueLostRiverLilly","3070":"LargeFloater","3500":"PiecePlaceholder","3501":"JeweledDiskPiece","3502":"CoralChunk","3503":"KooshChunk","3504":"StalkerTooth","3505":"TreeMushroomPiece","3506":"BulboTreePiece","3507":"OrangeMushroomSpore","3508":"PurpleVasePlantSeed","3509":"AcidMushroomSpore","3510":"WhiteMushroomSpore","3511":"PinkMushroomSpore","3512":"PurpleRattleSpore","3513":"HangingFruit","3514":"PurpleVegetable","3515":"SmallMelon","3516":"Melon","3517":"MelonSeed","3518":"PurpleBrainCoralPiece","3519":"SpikePlantSeed","3520":"BluePalmSeed","3521":"PurpleFanSeed","3522":"SmallFanSeed","3523":"PurpleTentacleSeed","3524":"JellyPlantSeed","3525":"GabeSFeatherSeed","3526":"SeaCrownSeed","3527":"MembrainTreeSeed","3528":"PinkFlowerSeed","3529":"FernPalmSeed","3530":"OrangePetalsPlantSeed","3531":"EyesPlantSeed","3532":"RedGreenTentacleSeed","3533":"PurpleStalkSeed","3534":"RedBasketPlantSeed","3535":"RedBushSeed","3536":"RedConePlantSeed","3537":"ShellGrassSeed","3538":"SpottedLeavesPlantSeed","3539":"RedRollPlantSeed","3540":"PurpleBranchesSeed","3541":"SnakeMushroomSpore","4000":"EnvironmentPlaceholder","4001":"Boulder","4002":"PurpleBrainCoral","4003":"HangingStinger","4004":"SpikePlant","4005":"BrainCoral","4006":"CoveTree","4007":"MonsterSkeleton","4008":"SeaDragonSkeleton","4009":"ReaperSkeleton","4010":"CaveSkeleton","4011":"HugeSkeleton","4200":"PrecursorKey_Red","4201":"PrecursorKey_Blue","4202":"PrecursorKey_Orange","4203":"PrecursorKey_White","4204":"PrecursorKey_Purple","4205":"PrecursorKey_PurpleFragment","4206":"PrecursorKeyTerminal","4207":"PrecursorTeleporter","4208":"PrecursorEnergyCore","4209":"PrecursorIonPowerCell","4210":"PrecursorIonBattery","4211":"PrecursorThermalPlant","4212":"PrecursorWarper","4213":"PrecursorFishSkeleton","4214":"PrecursorScanner","4215":"PrecursorLabCacheContainer1","4216":"PrecursorLabCacheContainer2","4217":"PrecursorLabTable","4218":"PrecursorSeaDragonSkeleton","4219":"PrecursorSensor","4220":"PrecursorPrisonArtifact1","4221":"PrecursorPrisonArtifact2","4222":"PrecursorPrisonArtifact3","4223":"PrecursorPrisonArtifact4","4224":"PrecursorPrisonArtifact5","4225":"PrecursorPrisonArtifact6","4226":"PrecursorPrisonArtifact7","4227":"PrecursorPrisonArtifact8","4228":"PrecursorPrisonArtifact9","4229":"PrecursorPrisonArtifact10","4230":"PrecursorPrisonArtifact11","4231":"PrecursorPrisonArtifact12","4232":"PrecursorPipeRoomIncomingPipe","4233":"PrecursorPipeRoomOutgoingPipe","4234":"PrecursorPrisonLabEmperorFetus","4235":"PrecursorPrisonLabEmperorEgg","4236":"PrecursorPrisonAquariumPipe","4237":"PrecursorPrisonAquariumFinalTeleporter","4238":"PrecursorPrisonAquariumIncubatorEggs","4239":"PrecursorPrisonAquariumIncubator","4240":"PrecursorSurfacePipe","4241":"PrecursorPrisonArtifact13","4242":"PrecursorPrisonIonGenerator","4243":"PrecursorPrisonOutposts","4250":"ObservatoryOld","4300":"PrecursorLostRiverBrokenAnchor","4301":"PrecursorLostRiverLabRays","4302":"PrecursorLostRiverLabBones","4303":"PrecursorLostRiverLabEgg","4304":"PrecursorLostRiverProductionLine","4305":"PrecursorLostRiverWarperParts","4500":"FilteredWater","4501":"DisinfectedWater","4502":"CookedPeeper","4503":"CookedHoleFish","4504":"CookedGarryFish","4505":"CookedReginald","4506":"CookedBladderfish","4507":"CookedHoverfish","4508":"CookedSpadefish","4509":"CookedBoomerang","4510":"CookedEyeye","4511":"CookedOculus","4512":"CookedHoopfish","4513":"NutrientBlock","4514":"FirstAidKit","4515":"StillsuitWater","4516":"BigFilteredWater","4517":"CookedSpinefish","4518":"CookedLavaEyeye","4519":"CookedLavaBoomerang","4520":"Snack1","4521":"Snack2","4522":"Snack3","4523":"Coffee","4600":"CuredPeeper","4601":"CuredHoleFish","4602":"CuredGarryFish","4603":"CuredReginald","4604":"CuredBladderfish","4605":"CuredHoverfish","4606":"CuredSpadefish","4607":"CuredBoomerang","4608":"CuredEyeye","4609":"CuredOculus","4610":"CuredHoopfish","4611":"CuredSpinefish","4612":"CuredLavaEyeye","4613":"CuredLavaBoomerang","5000":"MembraneOld","5001":"Unobtanium","5500":"BaseRoom","5501":"BaseHatch","5502":"BaseWall","5503":"BaseDoor","5504":"BaseLadder","5505":"BaseWindow","5506":"PowerGeneratorOld","5507":"UnusedOld","5508":"BaseCorridor","5509":"BaseFoundation","5510":"BaseCorridorI","5511":"BaseCorridorL","5512":"BaseCorridorT","5513":"BaseCorridorX","5514":"BaseReinforcement","5515":"BaseBulkhead","5516":"BaseCorridorGlassI","5517":"BaseCorridorGlassL","5518":"BaseObservatory","5519":"BaseConnector","5520":"BaseMoonpool","5521":"BaseCorridorGlass","5522":"BaseUpgradeConsole","5523":"BasePlanter","5524":"BaseFiltrationMachine","5525":"BaseWaterPark","5526":"BaseMapRoom","5527":"MapRoomCamera","5528":"BaseBioReactor","5529":"BaseNuclearReactor","5530":"BasePipeConnector","5900":"RocketBase","5901":"RocketBaseLadder","5902":"RocketStage1","5903":"RocketStage2","5904":"RocketStage3","5905":"TimeCapsule","6000":"DioramaHullPlate","6001":"MarkiplierHullPlate","6002":"MuyskermHullPlate","6003":"LordMinionHullPlate","6004":"JackSepticEyeHullPlate","6005":"Poster","6006":"IGPHullPlate","6007":"GilathissHullPlate","6008":"Marki1","6009":"Marki2","6010":"JackSepticEye","6011":"EatMyDiction","7000":"RadiationLeakPoint","10000":"SomethingPlaceholder","10001":"Fragment","10002":"Wreck","10003":"CountOld","10004":"Databox"}