{"AdvancedWiringKit":{"_techType":0,"_craftAmount":1,"_ingredients":[{"techType":33,"amount":1},{"techType":21,"amount":2},{"techType":44,"amount":1}],"_linkedItems":null,"craftAmount":1,"ingredientCount":3,"linkedItemCount":0},"Aerogel":{"_techType":0,"_craftAmount":1,"_ingredients":[{"techType":3010,"amount":1},{"techType":52,"amount":1}],"_linkedItems":null,"craftAmount":1,"ingredientCount":2,"linkedItemCount":0},"AramidFibers":{"_techType":0,"_craftAmount":1,"_ingredients":[{"techType":61,"amount":1},{"techType":3,"amount":1}],"_linkedItems":null,"craftAmount":1,"ingredientCount":2,"linkedItemCount":0},"Battery":{"_techType":0,"_craftAmount":1,"_ingredients":[{"techType":3021,"amount":2},{"techType":7,"amount":1}],"_linkedItems":null,"craftAmount":1,"ingredientCount":2,"linkedItemCount":0},"Benzene":{"_techType":0,"_craftAmount":1,"_ingredients":[{"techType":3034,"amount":3}],"_linkedItems":null,"craftAmount":1,"ingredientCount":1,"linkedItemCount":0},"Bleach":{"_techType":0,"_craftAmount":1,"_ingredients":[{"techType":9,"amount":1},{"techType":3502,"amount":1}],"_linkedItems":null,"craftAmount":1,"ingredientCount":2,"linkedItemCount":0},"ComputerChip":{"_techType":0,"_craftAmount":1,"_ingredients":[{"techType":3501,"amount":2},{"techType":21,"amount":1},{"techType":32,"amount":1}],"_linkedItems":null,"craftAmount":1,"ingredientCount":3,"linkedItemCount":0},"CopperWire":{"_techType":0,"_craftAmount":1,"_ingredients":[{"techType":7,"amount":2}],"_linkedItems":null,"craftAmount":1,"ingredientCount":1,"linkedItemCount":0},"EnameledGlass":{"_techType":0,"_craftAmount":1,"_ingredients":[{"techType":3504,"amount":1},{"techType":15,"amount":1}],"_linkedItems":null,"craftAmount":1,"ingredientCount":2,"linkedItemCount":0},"FiberMesh":{"_techType":0,"_craftAmount":1,"_ingredients":[{"techType":2529,"amount":2}],"_linkedItems":null,"craftAmount":1,"ingredientCount":1,"linkedItemCount":0},"Glass":{"_techType":0,"_craftAmount":1,"_ingredients":[{"techType":1,"amount":2}],"_linkedItems":null,"craftAmount":1,"ingredientCount":1,"linkedItemCount":0},"HydrochloricAcid":{"_techType":0,"_craftAmount":1,"_ingredients":[{"techType":3035,"amount":3},{"techType":9,"amount":1}],"_linkedItems":null,"craftAmount":1,"ingredientCount":2,"linkedItemCount":0},"Nanowires":{"_techType":0,"_craftAmount":1,"_ingredients":[{"techType":12,"amount":1},{"techType":44,"amount":1},{"techType":21,"amount":1}],"_linkedItems":null,"craftAmount":1,"ingredientCount":3,"linkedItemCount":0},"PlasteelIngot":{"_techType":0,"_craftAmount":1,"_ingredients":[{"techType":30,"amount":1},{"techType":40,"amount":2}],"_linkedItems":null,"craftAmount":1,"ingredientCount":2,"linkedItemCount":0},"Polyaniline":{"_techType":0,"_craftAmount":1,"_ingredients":[{"techType":21,"amount":1},{"techType":53,"amount":1}],"_linkedItems":null,"craftAmount":1,"ingredientCount":2,"linkedItemCount":0},"PowerCell":{"_techType":0,"_craftAmount":1,"_ingredients":[{"techType":504,"amount":2},{"techType":17,"amount":1}],"_linkedItems":null,"craftAmount":1,"ingredientCount":2,"linkedItemCount":0},"ReactorRod":{"_techType":0,"_craftAmount":1,"_ingredients":[{"techType":63,"amount":3},{"techType":8,"amount":1},{"techType":16,"amount":1},{"techType":15,"amount":1}],"_linkedItems":null,"craftAmount":1,"ingredientCount":4,"linkedItemCount":0},"Silicone":{"_techType":0,"_craftAmount":2,"_ingredients":[{"techType":2503,"amount":1}],"_linkedItems":null,"craftAmount":2,"ingredientCount":1,"linkedItemCount":0},"Titanium":{"_techType":0,"_craftAmount":4,"_ingredients":[{"techType":2,"amount":1}],"_linkedItems":null,"craftAmount":4,"ingredientCount":1,"linkedItemCount":0},"TitaniumIngot":{"_techType":0,"_craftAmount":1,"_ingredients":[{"techType":16,"amount":10}],"_linkedItems":null,"craftAmount":1,"ingredientCount":1,"linkedItemCount":0},"WiringKit":{"_techType":0,"_craftAmount":1,"_ingredients":[{"techType":28,"amount":2}],"_linkedItems":null,"craftAmount":1,"ingredientCount":1,"linkedItemCount":0},"Lubricant":{"_techType":0,"_craftAmount":1,"_ingredients":[{"techType":2503,"amount":1}],"_linkedItems":null,"craftAmount":1,"ingredientCount":1,"linkedItemCount":0},"PrecursorIonBattery":{"_techType":0,"_craftAmount":1,"_ingredients":[{"techType":66,"amount":1},{"techType":21,"amount":1},{"techType":28,"amount":1}],"_linkedItems":null,"craftAmount":1,"ingredientCount":3,"linkedItemCount":0},"PrecursorIonPowerCell":{"_techType":0,"_craftAmount":1,"_ingredients":[{"techType":4210,"amount":2},{"techType":17,"amount":1}],"_linkedItems":null,"craftAmount":1,"ingredientCount":2,"linkedItemCount":0},"CookedPeeper":{"_techType":0,"_craftAmount":1,"_ingredients":[{"techType":2504,"amount":1}],"_linkedItems":null,"craftAmount":1,"ingredientCount":1,"linkedItemCount":0},"CuredPeeper":{"_techType":0,"_craftAmount":1,"_ingredients":[{"techType":2504,"amount":1},{"techType":9,"amount":1}],"_linkedItems":null,"craftAmount":1,"ingredientCount":2,"linkedItemCount":0},"CookedHoleFish":{"_techType":0,"_craftAmount":1,"_ingredients":[{"techType":2501,"amount":1}],"_linkedItems":null,"craftAmount":1,"ingredientCount":1,"linkedItemCount":0},"CuredHoleFish":{"_techType":0,"_craftAmount":1,"_ingredients":[{"techType":2501,"amount":1},{"techType":9,"amount":1}],"_linkedItems":null,"craftAmount":1,"ingredientCount":2,"linkedItemCount":0},"CookedGarryFish":{"_techType":0,"_craftAmount":1,"_ingredients":[{"techType":2507,"amount":1}],"_linkedItems":null,"craftAmount":1,"ingredientCount":1,"linkedItemCount":0},"CuredGarryFish":{"_techType":0,"_craftAmount":1,"_ingredients":[{"techType":2507,"amount":1},{"techType":9,"amount":1}],"_linkedItems":null,"craftAmount":1,"ingredientCount":2,"linkedItemCount":0},"CookedBladderfish":{"_techType":0,"_craftAmount":1,"_ingredients":[{"techType":2515,"amount":1}],"_linkedItems":null,"craftAmount":1,"ingredientCount":1,"linkedItemCount":0},"CuredBladderfish":{"_techType":0,"_craftAmount":1,"_ingredients":[{"techType":2515,"amount":1},{"techType":9,"amount":1}],"_linkedItems":null,"craftAmount":1,"ingredientCount":2,"linkedItemCount":0},"CookedBoomerang":{"_techType":0,"_craftAmount":1,"_ingredients":[{"techType":2510,"amount":1}],"_linkedItems":null,"craftAmount":1,"ingredientCount":1,"linkedItemCount":0},"CookedLavaBoomerang":{"_techType":0,"_craftAmount":1,"_ingredients":[{"techType":2554,"amount":1}],"_linkedItems":null,"craftAmount":1,"ingredientCount":1,"linkedItemCount":0},"CuredBoomerang":{"_techType":0,"_craftAmount":1,"_ingredients":[{"techType":2510,"amount":1},{"techType":9,"amount":1}],"_linkedItems":null,"craftAmount":1,"ingredientCount":2,"linkedItemCount":0},"CuredLavaBoomerang":{"_techType":0,"_craftAmount":1,"_ingredients":[{"techType":2554,"amount":1},{"techType":9,"amount":1}],"_linkedItems":null,"craftAmount":1,"ingredientCount":2,"linkedItemCount":0},"CookedReginald":{"_techType":0,"_craftAmount":1,"_ingredients":[{"techType":2519,"amount":1}],"_linkedItems":null,"craftAmount":1,"ingredientCount":1,"linkedItemCount":0},"CuredReginald":{"_techType":0,"_craftAmount":1,"_ingredients":[{"techType":2519,"amount":1},{"techType":9,"amount":1}],"_linkedItems":null,"craftAmount":1,"ingredientCount":2,"linkedItemCount":0},"CookedSpadefish":{"_techType":0,"_craftAmount":1,"_ingredients":[{"techType":2520,"amount":1}],"_linkedItems":null,"craftAmount":1,"ingredientCount":1,"linkedItemCount":0},"CuredSpadefish":{"_techType":0,"_craftAmount":1,"_ingredients":[{"techType":2520,"amount":1},{"techType":9,"amount":1}],"_linkedItems":null,"craftAmount":1,"ingredientCount":2,"linkedItemCount":0},"CookedHoverfish":{"_techType":0,"_craftAmount":1,"_ingredients":[{"techType":2516,"amount":1}],"_linkedItems":null,"craftAmount":1,"ingredientCount":1,"linkedItemCount":0},"CuredHoverfish":{"_techType":0,"_craftAmount":1,"_ingredients":[{"techType":2516,"amount":1},{"techType":9,"amount":1}],"_linkedItems":null,"craftAmount":1,"ingredientCount":2,"linkedItemCount":0},"CookedEyeye":{"_techType":0,"_craftAmount":1,"_ingredients":[{"techType":2513,"amount":1}],"_linkedItems":null,"craftAmount":1,"ingredientCount":1,"linkedItemCount":0},"CookedLavaEyeye":{"_techType":0,"_craftAmount":1,"_ingredients":[{"techType":2555,"amount":1}],"_linkedItems":null,"craftAmount":1,"ingredientCount":1,"linkedItemCount":0},"CuredEyeye":{"_techType":0,"_craftAmount":1,"_ingredients":[{"techType":2513,"amount":1},{"techType":9,"amount":1}],"_linkedItems":null,"craftAmount":1,"ingredientCount":2,"linkedItemCount":0},"CuredLavaEyeye":{"_techType":0,"_craftAmount":1,"_ingredients":[{"techType":2555,"amount":1},{"techType":9,"amount":1}],"_linkedItems":null,"craftAmount":1,"ingredientCount":2,"linkedItemCount":0},"CookedOculus":{"_techType":0,"_craftAmount":1,"_ingredients":[{"techType":2505,"amount":1}],"_linkedItems":null,"craftAmount":1,"ingredientCount":1,"linkedItemCount":0},"CuredOculus":{"_techType":0,"_craftAmount":1,"_ingredients":[{"techType":2505,"amount":1},{"techType":9,"amount":1}],"_linkedItems":null,"craftAmount":1,"ingredientCount":2,"linkedItemCount":0},"CookedHoopfish":{"_techType":0,"_craftAmount":1,"_ingredients":[{"techType":2531,"amount":1}],"_linkedItems":null,"craftAmount":1,"ingredientCount":1,"linkedItemCount":0},"CuredHoopfish":{"_techType":0,"_craftAmount":1,"_ingredients":[{"techType":2531,"amount":1},{"techType":9,"amount":1}],"_linkedItems":null,"craftAmount":1,"ingredientCount":2,"linkedItemCount":0},"CookedSpinefish":{"_techType":0,"_craftAmount":1,"_ingredients":[{"techType":2546,"amount":1}],"_linkedItems":null,"craftAmount":1,"ingredientCount":1,"linkedItemCount":0},"CuredSpinefish":{"_techType":0,"_craftAmount":1,"_ingredients":[{"techType":2546,"amount":1},{"techType":9,"amount":1}],"_linkedItems":null,"craftAmount":1,"ingredientCount":2,"linkedItemCount":0},"FilteredWater":{"_techType":0,"_craftAmount":1,"_ingredients":[{"techType":2515,"amount":1}],"_linkedItems":null,"craftAmount":1,"ingredientCount":1,"linkedItemCount":0},"DisinfectedWater":{"_techType":0,"_craftAmount":2,"_ingredients":[{"techType":27,"amount":1}],"_linkedItems":null,"craftAmount":2,"ingredientCount":1,"linkedItemCount":0},"BaseCorridor":{"_techType":0,"_craftAmount":1,"_ingredients":[{"techType":16,"amount":2}],"_linkedItems":null,"craftAmount":1,"ingredientCount":1,"linkedItemCount":0},"BaseCorridorGlass":{"_techType":0,"_craftAmount":1,"_ingredients":[{"techType":15,"amount":2}],"_linkedItems":null,"craftAmount":1,"ingredientCount":1,"linkedItemCount":0},"BaseCorridorGlassI":{"_techType":0,"_craftAmount":1,"_ingredients":[{"techType":15,"amount":2}],"_linkedItems":null,"craftAmount":1,"ingredientCount":1,"linkedItemCount":0},"BaseCorridorGlassL":{"_techType":0,"_craftAmount":1,"_ingredients":[{"techType":15,"amount":2}],"_linkedItems":null,"craftAmount":1,"ingredientCount":1,"linkedItemCount":0},"BaseCorridorI":{"_techType":0,"_craftAmount":1,"_ingredients":[{"techType":16,"amount":2}],"_linkedItems":null,"craftAmount":1,"ingredientCount":1,"linkedItemCount":0},"BaseCorridorL":{"_techType":0,"_craftAmount":1,"_ingredients":[{"techType":16,"amount":2}],"_linkedItems":null,"craftAmount":1,"ingredientCount":1,"linkedItemCount":0},"BaseCorridorT":{"_techType":0,"_craftAmount":1,"_ingredients":[{"techType":16,"amount":3}],"_linkedItems":null,"craftAmount":1,"ingredientCount":1,"linkedItemCount":0},"BaseCorridorX":{"_techType":0,"_craftAmount":1,"_ingredients":[{"techType":16,"amount":3}],"_linkedItems":null,"craftAmount":1,"ingredientCount":1,"linkedItemCount":0},"BaseFoundation":{"_techType":0,"_craftAmount":1,"_ingredients":[{"techType":16,"amount":2},{"techType":8,"amount":2}],"_linkedItems":null,"craftAmount":1,"ingredientCount":2,"linkedItemCount":0},"BaseHatch":{"_techType":0,"_craftAmount":1,"_ingredients":[{"techType":1,"amount":1},{"techType":16,"amount":2}],"_linkedItems":null,"craftAmount":1,"ingredientCount":2,"linkedItemCount":0},"BaseBulkhead":{"_techType":0,"_craftAmount":1,"_ingredients":[{"techType":16,"amount":3},{"techType":17,"amount":1}],"_linkedItems":null,"craftAmount":1,"ingredientCount":2,"linkedItemCount":0},"BaseWall":{"_techType":0,"_craftAmount":1,"_ingredients":[{"techType":16,"amount":2}],"_linkedItems":null,"craftAmount":1,"ingredientCount":1,"linkedItemCount":0},"BaseDoor":{"_techType":0,"_craftAmount":1,"_ingredients":[{"techType":16,"amount":1}],"_linkedItems":null,"craftAmount":1,"ingredientCount":1,"linkedItemCount":0},"BaseLadder":{"_techType":0,"_craftAmount":1,"_ingredients":[{"techType":16,"amount":2}],"_linkedItems":null,"craftAmount":1,"ingredientCount":1,"linkedItemCount":0},"BaseWaterPark":{"_techType":0,"_craftAmount":1,"_ingredients":[{"techType":15,"amount":5},{"techType":16,"amount":2}],"_linkedItems":null,"craftAmount":1,"ingredientCount":2,"linkedItemCount":0},"BaseReinforcement":{"_techType":0,"_craftAmount":1,"_ingredients":[{"techType":40,"amount":1},{"techType":16,"amount":3}],"_linkedItems":null,"craftAmount":1,"ingredientCount":2,"linkedItemCount":0},"BaseWindow":{"_techType":0,"_craftAmount":1,"_ingredients":[{"techType":15,"amount":1}],"_linkedItems":null,"craftAmount":1,"ingredientCount":1,"linkedItemCount":0},"BaseUpgradeConsole":{"_techType":0,"_craftAmount":1,"_ingredients":[{"techType":16,"amount":3},{"techType":44,"amount":1},{"techType":32,"amount":1}],"_linkedItems":null,"craftAmount":1,"ingredientCount":3,"linkedItemCount":0},"BasePlanter":{"_techType":0,"_craftAmount":1,"_ingredients":[{"techType":16,"amount":1}],"_linkedItems":null,"craftAmount":1,"ingredientCount":1,"linkedItemCount":0},"BaseFiltrationMachine":{"_techType":0,"_craftAmount":1,"_ingredients":[{"techType":16,"amount":3},{"techType":32,"amount":1},{"techType":59,"amount":1}],"_linkedItems":null,"craftAmount":1,"ingredientCount":3,"linkedItemCount":0},"BaseConnector":{"_techType":0,"_craftAmount":1,"_ingredients":[{"techType":16,"amount":2}],"_linkedItems":null,"craftAmount":1,"ingredientCount":1,"linkedItemCount":0},"BaseRoom":{"_techType":0,"_craftAmount":1,"_ingredients":[{"techType":16,"amount":6}],"_linkedItems":null,"craftAmount":1,"ingredientCount":1,"linkedItemCount":0},"BaseMoonpool":{"_techType":0,"_craftAmount":1,"_ingredients":[{"techType":30,"amount":2},{"techType":62,"amount":1},{"techType":8,"amount":2}],"_linkedItems":null,"craftAmount":1,"ingredientCount":3,"linkedItemCount":0},"BaseObservatory":{"_techType":0,"_craftAmount":1,"_ingredients":[{"techType":42,"amount":2},{"techType":16,"amount":1}],"_linkedItems":null,"craftAmount":1,"ingredientCount":2,"linkedItemCount":0},"BaseMapRoom":{"_techType":0,"_craftAmount":1,"_ingredients":[{"techType":16,"amount":5},{"techType":7,"amount":2},{"techType":21,"amount":1},{"techType":3501,"amount":1}],"_linkedItems":null,"craftAmount":1,"ingredientCount":4,"linkedItemCount":0},"SolarPanel":{"_techType":0,"_craftAmount":1,"_ingredients":[{"techType":1,"amount":2},{"techType":16,"amount":2},{"techType":7,"amount":1}],"_linkedItems":null,"craftAmount":1,"ingredientCount":3,"linkedItemCount":0},"PowerTransmitter":{"_techType":0,"_craftAmount":1,"_ingredients":[{"techType":21,"amount":1},{"techType":16,"amount":1}],"_linkedItems":null,"craftAmount":1,"ingredientCount":2,"linkedItemCount":0},"Accumulator":{"_techType":0,"_craftAmount":1,"_ingredients":[{"techType":16,"amount":1}],"_linkedItems":null,"craftAmount":1,"ingredientCount":1,"linkedItemCount":0},"Bioreactor":{"_techType":0,"_craftAmount":1,"_ingredients":[{"techType":16,"amount":4},{"techType":28,"amount":1}],"_linkedItems":null,"craftAmount":1,"ingredientCount":2,"linkedItemCount":0},"BaseBioReactor":{"_techType":0,"_craftAmount":1,"_ingredients":[{"techType":16,"amount":3},{"techType":33,"amount":1},{"techType":62,"amount":1}],"_linkedItems":null,"craftAmount":1,"ingredientCount":3,"linkedItemCount":0},"ThermalPlant":{"_techType":0,"_craftAmount":1,"_ingredients":[{"techType":16,"amount":5},{"techType":54,"amount":2},{"techType":59,"amount":1}],"_linkedItems":null,"craftAmount":1,"ingredientCount":3,"linkedItemCount":0},"NuclearReactor":{"_techType":0,"_craftAmount":1,"_ingredients":[{"techType":16,"amount":5},{"techType":40,"amount":2},{"techType":8,"amount":2},{"techType":28,"amount":1},{"techType":52,"amount":1}],"_linkedItems":null,"craftAmount":1,"ingredientCount":5,"linkedItemCount":0},"BaseNuclearReactor":{"_techType":0,"_craftAmount":1,"_ingredients":[{"techType":41,"amount":1},{"techType":34,"amount":1},{"techType":8,"amount":3}],"_linkedItems":null,"craftAmount":1,"ingredientCount":3,"linkedItemCount":0},"Flare":{"_techType":0,"_craftAmount":5,"_ingredients":[{"techType":35,"amount":1}],"_linkedItems":null,"craftAmount":5,"ingredientCount":1,"linkedItemCount":0},"Flashlight":{"_techType":0,"_craftAmount":1,"_ingredients":[{"techType":504,"amount":1},{"techType":15,"amount":1}],"_linkedItems":null,"craftAmount":1,"ingredientCount":2,"linkedItemCount":0},"Scanner":{"_techType":0,"_craftAmount":1,"_ingredients":[{"techType":504,"amount":1},{"techType":16,"amount":1}],"_linkedItems":null,"craftAmount":1,"ingredientCount":2,"linkedItemCount":0},"Builder":{"_techType":0,"_craftAmount":1,"_ingredients":[{"techType":44,"amount":1},{"techType":33,"amount":1},{"techType":504,"amount":1}],"_linkedItems":null,"craftAmount":1,"ingredientCount":3,"linkedItemCount":0},"Terraformer":{"_techType":0,"_craftAmount":1,"_ingredients":[{"techType":34,"amount":1},{"techType":504,"amount":1}],"_linkedItems":null,"craftAmount":1,"ingredientCount":2,"linkedItemCount":0},"Pipe":{"_techType":0,"_craftAmount":5,"_ingredients":[{"techType":16,"amount":2}],"_linkedItems":null,"craftAmount":5,"ingredientCount":1,"linkedItemCount":0},"PipeSurfaceFloater":{"_techType":0,"_craftAmount":1,"_ingredients":[{"techType":16,"amount":2}],"_linkedItems":null,"craftAmount":1,"ingredientCount":1,"linkedItemCount":0},"DiveReel":{"_techType":0,"_craftAmount":1,"_ingredients":[{"techType":2503,"amount":2},{"techType":32,"amount":1},{"techType":16,"amount":1}],"_linkedItems":null,"craftAmount":1,"ingredientCount":3,"linkedItemCount":0},"Rebreather":{"_techType":0,"_craftAmount":1,"_ingredients":[{"techType":33,"amount":1},{"techType":3,"amount":1}],"_linkedItems":null,"craftAmount":1,"ingredientCount":2,"linkedItemCount":0},"Fins":{"_techType":0,"_craftAmount":1,"_ingredients":[{"techType":17,"amount":2}],"_linkedItems":null,"craftAmount":1,"ingredientCount":1,"linkedItemCount":0},"RadiationSuit":{"_techType":0,"_craftAmount":1,"_ingredients":[{"techType":3,"amount":2},{"techType":8,"amount":2}],"_linkedItems":[520,521],"craftAmount":1,"ingredientCount":2,"linkedItemCount":2},"ReinforcedDiveSuit":{"_techType":0,"_craftAmount":1,"_ingredients":[{"techType":57,"amount":1},{"techType":36,"amount":2},{"techType":16,"amount":2}],"_linkedItems":[529],"craftAmount":1,"ingredientCount":3,"linkedItemCount":1},"Stillsuit":{"_techType":0,"_craftAmount":1,"_ingredients":[{"techType":57,"amount":1},{"techType":59,"amount":1},{"techType":32,"amount":1}],"_linkedItems":null,"craftAmount":1,"ingredientCount":3,"linkedItemCount":0},"Knife":{"_techType":0,"_craftAmount":1,"_ingredients":[{"techType":17,"amount":1},{"techType":16,"amount":1}],"_linkedItems":null,"craftAmount":1,"ingredientCount":2,"linkedItemCount":0},"Seaglide":{"_techType":0,"_craftAmount":1,"_ingredients":[{"techType":504,"amount":1},{"techType":62,"amount":1},{"techType":32,"amount":1},{"techType":16,"amount":1}],"_linkedItems":null,"craftAmount":1,"ingredientCount":4,"linkedItemCount":0},"Tank":{"_techType":0,"_craftAmount":1,"_ingredients":[{"techType":16,"amount":3}],"_linkedItems":null,"craftAmount":1,"ingredientCount":1,"linkedItemCount":0},"DoubleTank":{"_techType":0,"_craftAmount":1,"_ingredients":[{"techType":503,"amount":1},{"techType":15,"amount":2},{"techType":16,"amount":4},{"techType":28,"amount":1}],"_linkedItems":null,"craftAmount":1,"ingredientCount":4,"linkedItemCount":0},"Gravsphere":{"_techType":0,"_craftAmount":1,"_ingredients":[{"techType":504,"amount":1},{"techType":7,"amount":1},{"techType":16,"amount":1}],"_linkedItems":null,"craftAmount":1,"ingredientCount":3,"linkedItemCount":0},"SmallStorage":{"_techType":0,"_craftAmount":1,"_ingredients":[{"techType":16,"amount":4}],"_linkedItems":null,"craftAmount":1,"ingredientCount":1,"linkedItemCount":0},"AirBladder":{"_techType":0,"_craftAmount":1,"_ingredients":[{"techType":17,"amount":1},{"techType":2515,"amount":1}],"_linkedItems":null,"craftAmount":1,"ingredientCount":2,"linkedItemCount":0},"FirstAidKit":{"_techType":0,"_craftAmount":1,"_ingredients":[{"techType":3,"amount":1}],"_linkedItems":null,"craftAmount":1,"ingredientCount":1,"linkedItemCount":0},"Welder":{"_techType":0,"_craftAmount":1,"_ingredients":[{"techType":17,"amount":1},{"techType":35,"amount":1},{"techType":16,"amount":1}],"_linkedItems":null,"craftAmount":1,"ingredientCount":3,"linkedItemCount":0},"LaserCutter":{"_techType":0,"_craftAmount":1,"_ingredients":[{"techType":36,"amount":2},{"techType":504,"amount":1},{"techType":16,"amount":1},{"techType":35,"amount":1}],"_linkedItems":null,"craftAmount":1,"ingredientCount":4,"linkedItemCount":0},"FireExtinguisher":{"_techType":0,"_craftAmount":1,"_ingredients":[{"techType":16,"amount":3}],"_linkedItems":null,"craftAmount":1,"ingredientCount":1,"linkedItemCount":0},"Beacon":{"_techType":0,"_craftAmount":1,"_ingredients":[{"techType":7,"amount":1},{"techType":16,"amount":1}],"_linkedItems":null,"craftAmount":1,"ingredientCount":2,"linkedItemCount":0},"CyclopsDecoy":{"_techType":0,"_craftAmount":3,"_ingredients":[{"techType":16,"amount":3},{"techType":33,"amount":1}],"_linkedItems":null,"craftAmount":3,"ingredientCount":2,"linkedItemCount":0},"CurrentGenerator":{"_techType":0,"_craftAmount":1,"_ingredients":[{"techType":504,"amount":1},{"techType":62,"amount":1},{"techType":16,"amount":1}],"_linkedItems":null,"craftAmount":1,"ingredientCount":3,"linkedItemCount":0},"Compass":{"_techType":0,"_craftAmount":1,"_ingredients":[{"techType":32,"amount":1},{"techType":33,"amount":1}],"_linkedItems":null,"craftAmount":1,"ingredientCount":2,"linkedItemCount":0},"Thermometer":{"_techType":0,"_craftAmount":1,"_ingredients":[{"techType":44,"amount":1}],"_linkedItems":null,"craftAmount":1,"ingredientCount":1,"linkedItemCount":0},"StasisRifle":{"_techType":0,"_craftAmount":1,"_ingredients":[{"techType":44,"amount":1},{"techType":504,"amount":1},{"techType":54,"amount":2},{"techType":16,"amount":1}],"_linkedItems":null,"craftAmount":1,"ingredientCount":4,"linkedItemCount":0},"PropulsionCannon":{"_techType":0,"_craftAmount":1,"_ingredients":[{"techType":33,"amount":1},{"techType":504,"amount":1},{"techType":16,"amount":1}],"_linkedItems":null,"craftAmount":1,"ingredientCount":3,"linkedItemCount":0},"Constructor":{"_techType":0,"_craftAmount":1,"_ingredients":[{"techType":30,"amount":1},{"techType":62,"amount":1},{"techType":43,"amount":1}],"_linkedItems":null,"craftAmount":1,"ingredientCount":3,"linkedItemCount":0},"LEDLight":{"_techType":0,"_craftAmount":1,"_ingredients":[{"techType":504,"amount":1},{"techType":16,"amount":1},{"techType":15,"amount":1}],"_linkedItems":null,"craftAmount":1,"ingredientCount":3,"linkedItemCount":0},"HatchingEnzymes":{"_techType":0,"_craftAmount":1,"_ingredients":[{"techType":3531,"amount":1},{"techType":3526,"amount":1},{"techType":3505,"amount":1},{"techType":3532,"amount":1},{"techType":3503,"amount":1}],"_linkedItems":null,"craftAmount":1,"ingredientCount":5,"linkedItemCount":0},"Transfuser":{"_techType":0,"_craftAmount":1,"_ingredients":[{"techType":34,"amount":1},{"techType":504,"amount":1},{"techType":16,"amount":1}],"_linkedItems":null,"craftAmount":1,"ingredientCount":3,"linkedItemCount":0},"DiamondBlade":{"_techType":0,"_craftAmount":1,"_ingredients":[{"techType":505,"amount":1},{"techType":36,"amount":1}],"_linkedItems":null,"craftAmount":1,"ingredientCount":2,"linkedItemCount":0},"HeatBlade":{"_techType":0,"_craftAmount":1,"_ingredients":[{"techType":505,"amount":1},{"techType":504,"amount":1}],"_linkedItems":null,"craftAmount":1,"ingredientCount":2,"linkedItemCount":0},"LithiumIonBattery":{"_techType":0,"_craftAmount":1,"_ingredients":[{"techType":504,"amount":1},{"techType":40,"amount":1}],"_linkedItems":null,"craftAmount":1,"ingredientCount":2,"linkedItemCount":0},"PlasteelTank":{"_techType":0,"_craftAmount":1,"_ingredients":[{"techType":528,"amount":1},{"techType":41,"amount":1}],"_linkedItems":null,"craftAmount":1,"ingredientCount":2,"linkedItemCount":0},"HighCapacityTank":{"_techType":0,"_craftAmount":1,"_ingredients":[{"techType":528,"amount":1},{"techType":40,"amount":4}],"_linkedItems":null,"craftAmount":1,"ingredientCount":2,"linkedItemCount":0},"UltraGlideFins":{"_techType":0,"_craftAmount":1,"_ingredients":[{"techType":502,"amount":1},{"techType":17,"amount":2},{"techType":16,"amount":1},{"techType":40,"amount":1}],"_linkedItems":null,"craftAmount":1,"ingredientCount":4,"linkedItemCount":0},"SwimChargeFins":{"_techType":0,"_craftAmount":1,"_ingredients":[{"techType":502,"amount":1},{"techType":56,"amount":1},{"techType":33,"amount":1}],"_linkedItems":null,"craftAmount":1,"ingredientCount":3,"linkedItemCount":0},"RepulsionCannon":{"_techType":0,"_craftAmount":1,"_ingredients":[{"techType":757,"amount":1},{"techType":44,"amount":1},{"techType":54,"amount":2}],"_linkedItems":null,"craftAmount":1,"ingredientCount":3,"linkedItemCount":0},"PowerGlide":{"_techType":0,"_craftAmount":1,"_ingredients":[{"techType":809,"amount":1},{"techType":33,"amount":1}],"_linkedItems":null,"craftAmount":1,"ingredientCount":2,"linkedItemCount":0},"VehiclePowerUpgradeModule":{"_techType":0,"_craftAmount":1,"_ingredients":[{"techType":44,"amount":1},{"techType":56,"amount":1}],"_linkedItems":null,"craftAmount":1,"ingredientCount":2,"linkedItemCount":0},"VehicleStorageModule":{"_techType":0,"_craftAmount":1,"_ingredients":[{"techType":16,"amount":3},{"techType":40,"amount":1}],"_linkedItems":null,"craftAmount":1,"ingredientCount":2,"linkedItemCount":0},"VehicleArmorPlating":{"_techType":0,"_craftAmount":1,"_ingredients":[{"techType":16,"amount":3},{"techType":40,"amount":1},{"techType":36,"amount":4}],"_linkedItems":null,"craftAmount":1,"ingredientCount":3,"linkedItemCount":0},"WhirlpoolTorpedo":{"_techType":0,"_craftAmount":2,"_ingredients":[{"techType":16,"amount":1},{"techType":54,"amount":1}],"_linkedItems":null,"craftAmount":2,"ingredientCount":2,"linkedItemCount":0},"GasTorpedo":{"_techType":0,"_craftAmount":2,"_ingredients":[{"techType":16,"amount":1},{"techType":2530,"amount":1}],"_linkedItems":null,"craftAmount":2,"ingredientCount":2,"linkedItemCount":0},"SeamothSolarCharge":{"_techType":0,"_craftAmount":1,"_ingredients":[{"techType":34,"amount":1},{"techType":42,"amount":1}],"_linkedItems":null,"craftAmount":1,"ingredientCount":2,"linkedItemCount":0},"SeamothElectricalDefense":{"_techType":0,"_craftAmount":1,"_ingredients":[{"techType":56,"amount":1},{"techType":33,"amount":1}],"_linkedItems":null,"craftAmount":1,"ingredientCount":2,"linkedItemCount":0},"SeamothTorpedoModule":{"_techType":0,"_craftAmount":1,"_ingredients":[{"techType":16,"amount":3},{"techType":40,"amount":1},{"techType":59,"amount":1}],"_linkedItems":null,"craftAmount":1,"ingredientCount":3,"linkedItemCount":0},"SeamothSonarModule":{"_techType":0,"_craftAmount":1,"_ingredients":[{"techType":32,"amount":1},{"techType":54,"amount":2}],"_linkedItems":null,"craftAmount":1,"ingredientCount":2,"linkedItemCount":0},"VehicleHullModule1":{"_techType":0,"_craftAmount":1,"_ingredients":[{"techType":30,"amount":1},{"techType":15,"amount":2}],"_linkedItems":null,"craftAmount":1,"ingredientCount":2,"linkedItemCount":0},"VehicleHullModule2":{"_techType":0,"_craftAmount":1,"_ingredients":[{"techType":2112,"amount":1},{"techType":41,"amount":1},{"techType":54,"amount":2},{"techType":42,"amount":1}],"_linkedItems":null,"craftAmount":1,"ingredientCount":4,"linkedItemCount":0},"VehicleHullModule3":{"_techType":0,"_craftAmount":1,"_ingredients":[{"techType":2113,"amount":1},{"techType":41,"amount":1},{"techType":52,"amount":3}],"_linkedItems":null,"craftAmount":1,"ingredientCount":3,"linkedItemCount":0},"ExoHullModule1":{"_techType":0,"_craftAmount":1,"_ingredients":[{"techType":41,"amount":1},{"techType":69,"amount":3},{"techType":52,"amount":2}],"_linkedItems":null,"craftAmount":1,"ingredientCount":3,"linkedItemCount":0},"ExoHullModule2":{"_techType":0,"_craftAmount":1,"_ingredients":[{"techType":2128,"amount":1},{"techType":16,"amount":5},{"techType":40,"amount":2},{"techType":68,"amount":3}],"_linkedItems":null,"craftAmount":1,"ingredientCount":4,"linkedItemCount":0},"ExosuitDrillArmModule":{"_techType":0,"_craftAmount":1,"_ingredients":[{"techType":16,"amount":5},{"techType":40,"amount":1},{"techType":36,"amount":4}],"_linkedItems":null,"craftAmount":1,"ingredientCount":3,"linkedItemCount":0},"ExosuitGrapplingArmModule":{"_techType":0,"_craftAmount":1,"_ingredients":[{"techType":34,"amount":1},{"techType":61,"amount":1},{"techType":16,"amount":5},{"techType":40,"amount":1}],"_linkedItems":null,"craftAmount":1,"ingredientCount":4,"linkedItemCount":0},"ExosuitPropulsionArmModule":{"_techType":0,"_craftAmount":1,"_ingredients":[{"techType":44,"amount":1},{"techType":16,"amount":5},{"techType":54,"amount":2},{"techType":40,"amount":1}],"_linkedItems":null,"craftAmount":1,"ingredientCount":4,"linkedItemCount":0},"ExosuitJetUpgradeModule":{"_techType":0,"_craftAmount":1,"_ingredients":[{"techType":69,"amount":2},{"techType":23,"amount":3},{"techType":16,"amount":5},{"techType":40,"amount":1}],"_linkedItems":null,"craftAmount":1,"ingredientCount":4,"linkedItemCount":0},"ExosuitThermalReactorModule":{"_techType":0,"_craftAmount":1,"_ingredients":[{"techType":56,"amount":2},{"techType":68,"amount":2},{"techType":33,"amount":1}],"_linkedItems":null,"craftAmount":1,"ingredientCount":3,"linkedItemCount":0},"ExosuitTorpedoArmModule":{"_techType":0,"_craftAmount":1,"_ingredients":[{"techType":16,"amount":5},{"techType":40,"amount":1},{"techType":59,"amount":1}],"_linkedItems":null,"craftAmount":1,"ingredientCount":3,"linkedItemCount":0},"SeamothReinforcementModule":{"_techType":0,"_craftAmount":1,"_ingredients":[{"techType":41,"amount":1},{"techType":44,"amount":1}],"_linkedItems":null,"craftAmount":1,"ingredientCount":2,"linkedItemCount":0},"LootSensorMetal":{"_techType":0,"_craftAmount":1,"_ingredients":[{"techType":41,"amount":1},{"techType":44,"amount":1}],"_linkedItems":null,"craftAmount":1,"ingredientCount":2,"linkedItemCount":0},"LootSensorLithium":{"_techType":0,"_craftAmount":1,"_ingredients":[{"techType":41,"amount":1},{"techType":44,"amount":1}],"_linkedItems":null,"craftAmount":1,"ingredientCount":2,"linkedItemCount":0},"LootSensorFragment":{"_techType":0,"_craftAmount":1,"_ingredients":[{"techType":41,"amount":1},{"techType":44,"amount":1}],"_linkedItems":null,"craftAmount":1,"ingredientCount":2,"linkedItemCount":0},"MapRoomHUDChip":{"_techType":0,"_craftAmount":1,"_ingredients":[{"techType":44,"amount":1},{"techType":54,"amount":1}],"_linkedItems":null,"craftAmount":1,"ingredientCount":2,"linkedItemCount":0},"MapRoomCamera":{"_techType":0,"_craftAmount":1,"_ingredients":[{"techType":44,"amount":1},{"techType":504,"amount":1},{"techType":15,"amount":1},{"techType":16,"amount":1}],"_linkedItems":null,"craftAmount":1,"ingredientCount":4,"linkedItemCount":0},"MapRoomUpgradeScanRange":{"_techType":0,"_craftAmount":1,"_ingredients":[{"techType":7,"amount":1},{"techType":54,"amount":1}],"_linkedItems":null,"craftAmount":1,"ingredientCount":2,"linkedItemCount":0},"MapRoomUpgradeScanSpeed":{"_techType":0,"_craftAmount":1,"_ingredients":[{"techType":28,"amount":1},{"techType":21,"amount":1}],"_linkedItems":null,"craftAmount":1,"ingredientCount":2,"linkedItemCount":0},"Fabricator":{"_techType":0,"_craftAmount":1,"_ingredients":[{"techType":16,"amount":1},{"techType":21,"amount":1},{"techType":3501,"amount":1}],"_linkedItems":null,"craftAmount":1,"ingredientCount":3,"linkedItemCount":0},"Spotlight":{"_techType":0,"_craftAmount":1,"_ingredients":[{"techType":15,"amount":1},{"techType":16,"amount":2}],"_linkedItems":null,"craftAmount":1,"ingredientCount":2,"linkedItemCount":0},"BasePipeConnector":{"_techType":0,"_craftAmount":1,"_ingredients":[{"techType":16,"amount":2}],"_linkedItems":null,"craftAmount":1,"ingredientCount":1,"linkedItemCount":0},"Aquarium":{"_techType":0,"_craftAmount":1,"_ingredients":[{"techType":15,"amount":2},{"techType":16,"amount":1}],"_linkedItems":null,"craftAmount":1,"ingredientCount":2,"linkedItemCount":0},"Bench":{"_techType":0,"_craftAmount":1,"_ingredients":[{"techType":16,"amount":2}],"_linkedItems":null,"craftAmount":1,"ingredientCount":1,"linkedItemCount":0},"Bed1":{"_techType":0,"_craftAmount":1,"_ingredients":[{"techType":16,"amount":2},{"techType":3,"amount":1}],"_linkedItems":null,"craftAmount":1,"ingredientCount":2,"linkedItemCount":0},"Bed2":{"_techType":0,"_craftAmount":1,"_ingredients":[{"techType":16,"amount":2},{"techType":3,"amount":1}],"_linkedItems":null,"craftAmount":1,"ingredientCount":2,"linkedItemCount":0},"NarrowBed":{"_techType":0,"_craftAmount":1,"_ingredients":[{"techType":16,"amount":1},{"techType":3,"amount":1}],"_linkedItems":null,"craftAmount":1,"ingredientCount":2,"linkedItemCount":0},"PlanterPot":{"_techType":0,"_craftAmount":1,"_ingredients":[{"techType":16,"amount":2}],"_linkedItems":null,"craftAmount":1,"ingredientCount":1,"linkedItemCount":0},"PlanterPot2":{"_techType":0,"_craftAmount":1,"_ingredients":[{"techType":16,"amount":2}],"_linkedItems":null,"craftAmount":1,"ingredientCount":1,"linkedItemCount":0},"PlanterPot3":{"_techType":0,"_craftAmount":1,"_ingredients":[{"techType":16,"amount":2}],"_linkedItems":null,"craftAmount":1,"ingredientCount":1,"linkedItemCount":0},"PlanterBox":{"_techType":0,"_craftAmount":1,"_ingredients":[{"techType":16,"amount":4}],"_linkedItems":null,"craftAmount":1,"ingredientCount":1,"linkedItemCount":0},"PlanterShelf":{"_techType":0,"_craftAmount":1,"_ingredients":[{"techType":16,"amount":1}],"_linkedItems":null,"craftAmount":1,"ingredientCount":1,"linkedItemCount":0},"Locker":{"_techType":0,"_craftAmount":1,"_ingredients":[{"techType":1,"amount":1},{"techType":16,"amount":2}],"_linkedItems":null,"craftAmount":1,"ingredientCount":2,"linkedItemCount":0},"SmallLocker":{"_techType":0,"_craftAmount":1,"_ingredients":[{"techType":16,"amount":2}],"_linkedItems":null,"craftAmount":1,"ingredientCount":1,"linkedItemCount":0},"HullReinforcementModule":{"_techType":0,"_craftAmount":1,"_ingredients":[{"techType":41,"amount":1}],"_linkedItems":null,"craftAmount":1,"ingredientCount":1,"linkedItemCount":0},"HullReinforcementModule2":{"_techType":0,"_craftAmount":1,"_ingredients":[{"techType":1300,"amount":1},{"techType":1501,"amount":1},{"techType":1400,"amount":1}],"_linkedItems":null,"craftAmount":1,"ingredientCount":3,"linkedItemCount":0},"HullReinforcementModule3":{"_techType":0,"_craftAmount":1,"_ingredients":[{"techType":1302,"amount":1},{"techType":1514,"amount":1},{"techType":1400,"amount":1}],"_linkedItems":null,"craftAmount":1,"ingredientCount":3,"linkedItemCount":0},"CyclopsHullModule1":{"_techType":0,"_craftAmount":1,"_ingredients":[{"techType":41,"amount":1},{"techType":52,"amount":3}],"_linkedItems":null,"craftAmount":1,"ingredientCount":2,"linkedItemCount":0},"CyclopsHullModule2":{"_techType":0,"_craftAmount":1,"_ingredients":[{"techType":1537,"amount":1},{"techType":41,"amount":1},{"techType":69,"amount":3}],"_linkedItems":null,"craftAmount":1,"ingredientCount":3,"linkedItemCount":0},"CyclopsHullModule3":{"_techType":0,"_craftAmount":1,"_ingredients":[{"techType":1538,"amount":1},{"techType":41,"amount":1},{"techType":68,"amount":3}],"_linkedItems":null,"craftAmount":1,"ingredientCount":3,"linkedItemCount":0},"CyclopsShieldModule":{"_techType":0,"_craftAmount":1,"_ingredients":[{"techType":34,"amount":1},{"techType":56,"amount":1},{"techType":43,"amount":1}],"_linkedItems":null,"craftAmount":1,"ingredientCount":3,"linkedItemCount":0},"CyclopsSonarModule":{"_techType":0,"_craftAmount":1,"_ingredients":[{"techType":44,"amount":1},{"techType":54,"amount":3}],"_linkedItems":null,"craftAmount":1,"ingredientCount":2,"linkedItemCount":0},"CyclopsSeamothRepairModule":{"_techType":0,"_craftAmount":1,"_ingredients":[{"techType":750,"amount":1},{"techType":32,"amount":1}],"_linkedItems":null,"craftAmount":1,"ingredientCount":2,"linkedItemCount":0},"CyclopsThermalReactorModule":{"_techType":0,"_craftAmount":1,"_ingredients":[{"techType":56,"amount":2},{"techType":68,"amount":4},{"techType":33,"amount":1}],"_linkedItems":null,"craftAmount":1,"ingredientCount":3,"linkedItemCount":0},"CyclopsFireSuppressionModule":{"_techType":0,"_craftAmount":1,"_ingredients":[{"techType":59,"amount":2},{"techType":23,"amount":2}],"_linkedItems":null,"craftAmount":1,"ingredientCount":2,"linkedItemCount":0},"CyclopsDecoyModule":{"_techType":0,"_craftAmount":1,"_ingredients":[{"techType":16,"amount":3},{"techType":40,"amount":2},{"techType":59,"amount":1}],"_linkedItems":null,"craftAmount":1,"ingredientCount":3,"linkedItemCount":0},"PowerUpgradeModule":{"_techType":0,"_craftAmount":1,"_ingredients":[{"techType":44,"amount":1},{"techType":61,"amount":1},{"techType":56,"amount":1}],"_linkedItems":null,"craftAmount":1,"ingredientCount":3,"linkedItemCount":0},"SpecimenAnalyzer":{"_techType":0,"_craftAmount":1,"_ingredients":[{"techType":33,"amount":1},{"techType":44,"amount":1},{"techType":16,"amount":2}],"_linkedItems":null,"craftAmount":1,"ingredientCount":3,"linkedItemCount":0},"Workbench":{"_techType":0,"_craftAmount":1,"_ingredients":[{"techType":44,"amount":1},{"techType":16,"amount":1},{"techType":36,"amount":1},{"techType":8,"amount":1}],"_linkedItems":null,"craftAmount":1,"ingredientCount":4,"linkedItemCount":0},"Centrifuge":{"_techType":0,"_craftAmount":1,"_ingredients":[{"techType":33,"amount":1},{"techType":44,"amount":1},{"techType":16,"amount":2}],"_linkedItems":null,"craftAmount":1,"ingredientCount":3,"linkedItemCount":0},"Sign":{"_techType":0,"_craftAmount":1,"_ingredients":[{"techType":32,"amount":1}],"_linkedItems":null,"craftAmount":1,"ingredientCount":1,"linkedItemCount":0},"PictureFrame":{"_techType":0,"_craftAmount":1,"_ingredients":[{"techType":32,"amount":1}],"_linkedItems":null,"craftAmount":1,"ingredientCount":1,"linkedItemCount":0},"FarmingTray":{"_techType":0,"_craftAmount":1,"_ingredients":[{"techType":16,"amount":2}],"_linkedItems":null,"craftAmount":1,"ingredientCount":1,"linkedItemCount":0},"Techlight":{"_techType":0,"_craftAmount":1,"_ingredients":[{"techType":15,"amount":1},{"techType":16,"amount":1}],"_linkedItems":null,"craftAmount":1,"ingredientCount":2,"linkedItemCount":0},"StarshipCargoCrate":{"_techType":0,"_craftAmount":1,"_ingredients":[{"techType":16,"amount":1}],"_linkedItems":null,"craftAmount":1,"ingredientCount":1,"linkedItemCount":0},"StarshipCircuitBox":{"_techType":0,"_craftAmount":1,"_ingredients":[{"techType":16,"amount":1}],"_linkedItems":null,"craftAmount":1,"ingredientCount":1,"linkedItemCount":0},"StarshipDesk":{"_techType":0,"_craftAmount":1,"_ingredients":[{"techType":16,"amount":1}],"_linkedItems":null,"craftAmount":1,"ingredientCount":1,"linkedItemCount":0},"StarshipChair":{"_techType":0,"_craftAmount":1,"_ingredients":[{"techType":16,"amount":1}],"_linkedItems":null,"craftAmount":1,"ingredientCount":1,"linkedItemCount":0},"StarshipChair2":{"_techType":0,"_craftAmount":1,"_ingredients":[{"techType":16,"amount":1}],"_linkedItems":null,"craftAmount":1,"ingredientCount":1,"linkedItemCount":0},"StarshipChair3":{"_techType":0,"_craftAmount":1,"_ingredients":[{"techType":16,"amount":1}],"_linkedItems":null,"craftAmount":1,"ingredientCount":1,"linkedItemCount":0},"StarshipMonitor":{"_techType":0,"_craftAmount":1,"_ingredients":[{"techType":16,"amount":1}],"_linkedItems":null,"craftAmount":1,"ingredientCount":1,"linkedItemCount":0},"Radio":{"_techType":0,"_craftAmount":1,"_ingredients":[{"techType":16,"amount":1},{"techType":7,"amount":1}],"_linkedItems":null,"craftAmount":1,"ingredientCount":2,"linkedItemCount":0},"MedicalCabinet":{"_techType":0,"_craftAmount":1,"_ingredients":[{"techType":44,"amount":1},{"techType":3,"amount":1},{"techType":28,"amount":1},{"techType":16,"amount":1}],"_linkedItems":null,"craftAmount":1,"ingredientCount":4,"linkedItemCount":0},"SingleWallShelf":{"_techType":0,"_craftAmount":1,"_ingredients":[{"techType":16,"amount":1}],"_linkedItems":null,"craftAmount":1,"ingredientCount":1,"linkedItemCount":0},"WallShelves":{"_techType":0,"_craftAmount":1,"_ingredients":[{"techType":16,"amount":2}],"_linkedItems":null,"craftAmount":1,"ingredientCount":1,"linkedItemCount":0},"BarTable":{"_techType":0,"_craftAmount":1,"_ingredients":[{"techType":15,"amount":1},{"techType":16,"amount":1}],"_linkedItems":null,"craftAmount":1,"ingredientCount":2,"linkedItemCount":0},"Trashcans":{"_techType":0,"_craftAmount":1,"_ingredients":[{"techType":16,"amount":2}],"_linkedItems":null,"craftAmount":1,"ingredientCount":1,"linkedItemCount":0},"LabTrashcan":{"_techType":0,"_craftAmount":1,"_ingredients":[{"techType":16,"amount":2}],"_linkedItems":null,"craftAmount":1,"ingredientCount":1,"linkedItemCount":0},"VendingMachine":{"_techType":0,"_craftAmount":1,"_ingredients":[{"techType":15,"amount":1},{"techType":16,"amount":2}],"_linkedItems":null,"craftAmount":1,"ingredientCount":2,"linkedItemCount":0},"CoffeeVendingMachine":{"_techType":0,"_craftAmount":1,"_ingredients":[{"techType":16,"amount":2}],"_linkedItems":null,"craftAmount":1,"ingredientCount":1,"linkedItemCount":0},"LabCounter":{"_techType":0,"_craftAmount":1,"_ingredients":[{"techType":16,"amount":2}],"_linkedItems":null,"craftAmount":1,"ingredientCount":1,"linkedItemCount":0},"BatteryCharger":{"_techType":0,"_craftAmount":1,"_ingredients":[{"techType":33,"amount":1},{"techType":32,"amount":1},{"techType":16,"amount":1}],"_linkedItems":null,"craftAmount":1,"ingredientCount":3,"linkedItemCount":0},"PowerCellCharger":{"_techType":0,"_craftAmount":1,"_ingredients":[{"techType":34,"amount":1},{"techType":52,"amount":2},{"techType":16,"amount":2}],"_linkedItems":null,"craftAmount":1,"ingredientCount":3,"linkedItemCount":0},"Seamoth":{"_techType":0,"_craftAmount":1,"_ingredients":[{"techType":30,"amount":1},{"techType":43,"amount":1},{"techType":15,"amount":2},{"techType":62,"amount":1},{"techType":8,"amount":1}],"_linkedItems":null,"craftAmount":1,"ingredientCount":5,"linkedItemCount":0},"Cyclops":{"_techType":0,"_craftAmount":1,"_ingredients":[{"techType":41,"amount":3},{"techType":42,"amount":3},{"techType":62,"amount":1},{"techType":34,"amount":1},{"techType":8,"amount":3}],"_linkedItems":null,"craftAmount":1,"ingredientCount":5,"linkedItemCount":0},"Exosuit":{"_techType":0,"_craftAmount":1,"_ingredients":[{"techType":41,"amount":2},{"techType":59,"amount":2},{"techType":42,"amount":1},{"techType":36,"amount":2},{"techType":8,"amount":2}],"_linkedItems":null,"craftAmount":1,"ingredientCount":5,"linkedItemCount":0},"RocketBase":{"_techType":0,"_craftAmount":1,"_ingredients":[{"techType":30,"amount":2},{"techType":44,"amount":1},{"techType":8,"amount":4}],"_linkedItems":null,"craftAmount":1,"ingredientCount":3,"linkedItemCount":0},"RocketBaseLadder":{"_techType":0,"_craftAmount":1,"_ingredients":[{"techType":41,"amount":1},{"techType":32,"amount":1},{"techType":62,"amount":1}],"_linkedItems":null,"craftAmount":1,"ingredientCount":3,"linkedItemCount":0},"RocketStage1":{"_techType":0,"_craftAmount":1,"_ingredients":[{"techType":41,"amount":1},{"techType":69,"amount":3},{"techType":59,"amount":2},{"techType":33,"amount":1}],"_linkedItems":null,"craftAmount":1,"ingredientCount":4,"linkedItemCount":0},"RocketStage2":{"_techType":0,"_craftAmount":1,"_ingredients":[{"techType":41,"amount":1},{"techType":23,"amount":4},{"techType":68,"amount":4},{"techType":4209,"amount":2}],"_linkedItems":null,"craftAmount":1,"ingredientCount":4,"linkedItemCount":0},"RocketStage3":{"_techType":0,"_craftAmount":1,"_ingredients":[{"techType":1551,"amount":1},{"techType":41,"amount":1},{"techType":42,"amount":1},{"techType":44,"amount":1}],"_linkedItems":null,"craftAmount":1,"ingredientCount":4,"linkedItemCount":0},"PrecursorKey_Purple":{"_techType":0,"_craftAmount":1,"_ingredients":[{"techType":66,"amount":1},{"techType":36,"amount":2}],"_linkedItems":null,"craftAmount":1,"ingredientCount":2,"linkedItemCount":0},"PrecursorKey_Blue":{"_techType":0,"_craftAmount":1,"_ingredients":[{"techType":66,"amount":1},{"techType":68,"amount":2}],"_linkedItems":null,"craftAmount":1,"ingredientCount":2,"linkedItemCount":0},"PrecursorKey_Orange":{"_techType":0,"_craftAmount":1,"_ingredients":[{"techType":66,"amount":1},{"techType":69,"amount":2}],"_linkedItems":null,"craftAmount":1,"ingredientCount":2,"linkedItemCount":0},"FiltrationMachine":{"_techType":0,"_craftAmount":1,"_ingredients":[{"techType":33,"amount":1},{"techType":15,"amount":2},{"techType":16,"amount":4}],"_linkedItems":null,"craftAmount":1,"ingredientCount":3,"linkedItemCount":0},"DevTestItem":{"_techType":0,"_craftAmount":1,"_ingredients":[{"techType":15,"amount":1},{"techType":16,"amount":1}],"_linkedItems":null,"craftAmount":1,"ingredientCount":2,"linkedItemCount":0},"SpecialHullPlate":{"_techType":0,"_craftAmount":1,"_ingredients":[{"techType":15,"amount":1},{"techType":16,"amount":1}],"_linkedItems":null,"craftAmount":1,"ingredientCount":2,"linkedItemCount":0},"BikemanHullPlate":{"_techType":0,"_craftAmount":1,"_ingredients":[{"techType":15,"amount":1},{"techType":16,"amount":1}],"_linkedItems":null,"craftAmount":1,"ingredientCount":2,"linkedItemCount":0},"EatMyDictionHullPlate":{"_techType":0,"_craftAmount":1,"_ingredients":[{"techType":15,"amount":1},{"techType":16,"amount":1}],"_linkedItems":null,"craftAmount":1,"ingredientCount":2,"linkedItemCount":0},"DioramaHullPlate":{"_techType":0,"_craftAmount":1,"_ingredients":[{"techType":15,"amount":1},{"techType":16,"amount":1}],"_linkedItems":null,"craftAmount":1,"ingredientCount":2,"linkedItemCount":0},"MarkiplierHullPlate":{"_techType":0,"_craftAmount":1,"_ingredients":[{"techType":15,"amount":1},{"techType":16,"amount":1}],"_linkedItems":null,"craftAmount":1,"ingredientCount":2,"linkedItemCount":0},"MuyskermHullPlate":{"_techType":0,"_craftAmount":1,"_ingredients":[{"techType":15,"amount":1},{"techType":16,"amount":1}],"_linkedItems":null,"craftAmount":1,"ingredientCount":2,"linkedItemCount":0},"LordMinionHullPlate":{"_techType":0,"_craftAmount":1,"_ingredients":[{"techType":15,"amount":1},{"techType":16,"amount":1}],"_linkedItems":null,"craftAmount":1,"ingredientCount":2,"linkedItemCount":0},"JackSepticEyeHullPlate":{"_techType":0,"_craftAmount":1,"_ingredients":[{"techType":15,"amount":1},{"techType":16,"amount":1}],"_linkedItems":null,"craftAmount":1,"ingredientCount":2,"linkedItemCount":0},"IGPHullPlate":{"_techType":0,"_craftAmount":1,"_ingredients":[{"techType":15,"amount":1},{"techType":16,"amount":1}],"_linkedItems":null,"craftAmount":1,"ingredientCount":2,"linkedItemCount":0},"GilathissHullPlate":{"_techType":0,"_craftAmount":1,"_ingredients":[{"techType":15,"amount":1},{"techType":16,"amount":1}],"_linkedItems":null,"craftAmount":1,"ingredientCount":2,"linkedItemCount":0},"Marki1":{"_techType":0,"_craftAmount":1,"_ingredients":[{"techType":15,"amount":1},{"techType":16,"amount":1}],"_linkedItems":null,"craftAmount":1,"ingredientCount":2,"linkedItemCount":0},"Marki2":{"_techType":0,"_craftAmount":1,"_ingredients":[{"techType":15,"amount":1},{"techType":16,"amount":1}],"_linkedItems":null,"craftAmount":1,"ingredientCount":2,"linkedItemCount":0},"JackSepticEye":{"_techType":0,"_craftAmount":1,"_ingredients":[{"techType":15,"amount":1},{"techType":16,"amount":1}],"_linkedItems":null,"craftAmount":1,"ingredientCount":2,"linkedItemCount":0},"EatMyDiction":{"_techType":0,"_craftAmount":1,"_ingredients":[{"techType":15,"amount":1},{"techType":16,"amount":1}],"_linkedItems":null,"craftAmount":1,"ingredientCount":2,"linkedItemCount":0}}