{"CyclopsHullBlueprint":1,"CyclopsEngineBlueprint":1,"CyclopsBridgeBlueprint":1,"CyclopsDockingBayBlueprint":1,"CyclopsBlueprint":1,"ExosuitClawArmModule":6,"ExosuitPropulsionArmModule":6,"ExosuitGrapplingArmModule":6,"ExosuitDrillArmModule":6,"ExosuitTorpedoArmModule":6,"BluePalm":2,"EyesPlant":2,"GabeSFeather":2,"PurpleTentacle":2,"MembrainTree":2,"PurpleStalk":2,"RedBasketPlant":2,"RedBush":2,"RedConePlant":2,"RedGreenTentacle":2,"RedRollPlant":2,"SeaCrown":2,"ShellGrass":2,"SnakeMushroom":2,"SpottedLeavesPlant":2,"PurpleBranches":2,"BrainCoral":2,"PurpleBrainCoral":2,"BloodRoot":2,"BloodVine":2,"HugeKoosh":2,"LargeKoosh":2,"MediumKoosh":2,"SmallKoosh":2,"WhiteMushroom":2,"PurpleBrainCoralPiece":2,"AcidMushroom":2,"KooshChunk":2,"Creepvine":2,"CreepvinePiece":2,"SpikePlant":2,"SmallFan":2,"BloodOil":2,"JellyPlant":2,"PurpleFan":2,"CreepvineSeedCluster":2,"WhiteMushroomSpore":3,"PurpleBranchesSeed":3,"MembrainTreeSeed":3,"PurpleStalkSeed":3,"PurpleTentacleSeed":3,"RedBasketPlantSeed":3,"RedBushSeed":3,"RedConePlantSeed":3,"RedGreenTentacleSeed":3,"RedRollPlantSeed":3,"SeaCrownSeed":3,"ShellGrassSeed":3,"SnakeMushroomSpore":3,"SpottedLeavesPlantSeed":3,"AcidMushroomSpore":3,"BluePalmSeed":3,"EyesPlantSeed":3,"GabeSFeatherSeed":3,"JellyPlantSeed":3,"PurpleFanSeed":3,"SmallFanSeed":3,"SpikePlantSeed":3,"BulboTree":4,"HangingFruitTree":4,"Melon":4,"PurpleVegetablePlant":4,"SmallMelon":4,"OrangePetalsPlant":4,"FernPalm":4,"OrangeMushroom":4,"PinkFlower":4,"PurpleVasePlant":4,"PinkMushroom":4,"MelonPlant":4,"PurpleRattle":4,"HangingFruit":4,"BulboTreePiece":5,"MelonSeed":5,"PurpleVegetable":5,"OrangeMushroomSpore":5,"PinkMushroomSpore":5,"PurpleRattleSpore":5,"PurpleVasePlantSeed":5,"FernPalmSeed":5,"OrangePetalsPlantSeed":5,"PinkFlowerSeed":5}