{"0":"Invalid","1":"Foundation","2":"CorridorCap","3":"CorridorWindow","4":"CorridorHatch","5":"CorridorBulkhead","6":"CorridorIShapeGlass","7":"CorridorLShapeGlass","8":"CorridorIShape","9":"CorridorLShape","10":"CorridorTShape","11":"CorridorXShape","12":"CorridorIShapeGlassSupport","13":"CorridorLShapeGlassSupport","14":"CorridorIShapeSupport","15":"CorridorLShapeSupport","16":"CorridorTShapeSupport","17":"CorridorIShapeGlassAdjustableSupport","18":"CorridorLShapeGlassAdjustableSupport","19":"CorridorIShapeAdjustableSupport","20":"CorridorLShapeAdjustableSupport","21":"CorridorTShapeAdjustableSupport","22":"CorridorXShapeAdjustableSupport","23":"CorridorIShapeCoverSide","24":"CorridorIShapeWindowSide","25":"CorridorIShapeWindowTop","26":"CorridorIShapeWindowBottom","27":"CorridorIShapeReinforcementSide","28":"CorridorIShapeHatchSide","29":"CorridorIShapeHatchTop","30":"CorridorIShapeHatchBottom","31":"CorridorIShapeLadderTop","32":"CorridorIShapeLadderBottom","33":"CorridorIShapePlanterSide","34":"CorridorTShapeWindowTop","35":"CorridorTShapeWindowBottom","36":"CorridorTShapeHatchTop","37":"CorridorTShapeHatchBottom","38":"CorridorTShapeLadderTop","39":"CorridorTShapeLadderBottom","40":"CorridorXShapeWindowTop","41":"CorridorXShapeWindowBottom","42":"CorridorXShapeHatchTop","43":"CorridorXShapeHatchBottom","44":"CorridorXShapeLadderTop","45":"CorridorXShapeLadderBottom","46":"CorridorCoverIShapeBottomExtClosed","47":"CorridorCoverIShapeBottomExtOpened","48":"CorridorCoverIShapeBottomIntClosed","49":"CorridorCoverIShapeBottomIntOpened","50":"CorridorCoverIShapeTopExtClosed","51":"CorridorCoverIShapeTopExtOpened","52":"CorridorCoverIShapeTopIntClosed","53":"CorridorCoverIShapeTopIntOpened","54":"CorridorCoverTShapeBottomExtClosed","55":"CorridorCoverTShapeBottomExtOpened","56":"CorridorCoverTShapeBottomIntClosed","57":"CorridorCoverTShapeBottomIntOpened","58":"CorridorCoverTShapeTopExtClosed","59":"CorridorCoverTShapeTopExtOpened","60":"CorridorCoverTShapeTopIntClosed","61":"CorridorCoverTShapeTopIntOpened","62":"CorridorCoverXShapeBottomExtClosed","63":"CorridorCoverXShapeBottomExtOpened","64":"CorridorCoverXShapeBottomIntClosed","65":"CorridorCoverXShapeBottomIntOpened","66":"CorridorCoverXShapeTopExtClosed","67":"CorridorCoverXShapeTopExtOpened","68":"CorridorCoverXShapeTopIntClosed","69":"CorridorCoverXShapeTopIntOpened","70":"ConnectorTube","71":"ConnectorTubeWindow","72":"ConnectorCap","73":"ConnectorLadder","74":"Room","75":"RoomCorridorConnector","76":"RoomCoverSide","77":"RoomCoverSideVariant","78":"RoomExteriorBottom","79":"RoomExteriorFoundationBottom","80":"RoomExteriorTop","81":"RoomReinforcementSide","82":"RoomWindowSide","83":"RoomCoverBottom","84":"RoomCoverTop","85":"RoomLadderBottom","86":"RoomLadderTop","87":"RoomAdjustableSupport","88":"RoomHatch","89":"RoomPlanterSide","90":"RoomFiltrationMachine","91":"RoomWaterParkTop","92":"RoomWaterParkBottom","93":"RoomWaterParkHatch","94":"RoomWaterParkSide","95":"RoomInteriorBottom","96":"RoomInteriorTop","97":"RoomInteriorBottomHole","98":"RoomInteriorTopHole","99":"RoomBioReactor","100":"RoomNuclearReactor","101":"Observatory","102":"ObservatoryCoverSide","103":"ObservatoryCorridorConnector","104":"ObservatoryHatch","105":"Moonpool","106":"MoonpoolCoverSide","107":"MoonpoolCoverSideShort","108":"MoonpoolReinforcementSide","109":"MoonpoolReinforcementSideShort","110":"MoonpoolWindowSide","111":"MoonpoolWindowSideShort","112":"MoonpoolUpgradeConsole","113":"MoonpoolUpgradeConsoleShort","114":"MoonpoolAdjustableSupport","115":"MoonpoolHatch","116":"MoonpoolHatchShort","117":"MoonpoolCorridorConnector","118":"MoonpoolCorridorConnectorShort","119":"MoonpoolPlanterSide","120":"MoonpoolPlanterSideShort","121":"MapRoom","122":"MapRoomCoverSide","123":"MapRoomCorridorConnector","124":"MapRoomHatch","125":"MapRoomWindowSide","126":"MapRoomPlanterSide","127":"MapRoomReinforcementSide","128":"Count"}