{"0":"Unassigned","100":"SafeShallows__Generic_Obsolete","101":"SafeShallows_ShellTunnel","102":"SafeShallows_SandFlat","103":"SafeShallows_PlateauTop_Obsolete","104":"SafeShallows_Plants","105":"SafeShallows_CaveWall","106":"SafeShallows_CaveRecess_Obsolete","107":"SafeShallows_CaveSpecial","108":"SafeShallows_SandDunes_Obsolete","109":"SafeShallows_ShellTunnelHuge","110":"SafeShallows_Island_Obsolete","111":"SafeShallows_PlateauWallBase_Obsolete","112":"SafeShallows_CaveFloor","113":"SafeShallows_CavePlants_Unused","114":"SafeShallows_CaveEntrance_Obsolete","115":"SafeShallows_Grass","116":"SafeShallows_IslandSpecial_Obsolete","117":"SafeShallows_Wall","119":"SafeShallows_UniqueCreature","120":"SafeShallows_UniqueCreatureCave","121":"SafeShallows_OpenShallow_CreatureOnly","122":"SafeShallows_OpenDeep_CreatureOnly","123":"SafeShallows_TechSite","124":"SafeShallows_TechSite_Hidden_Obsolete","125":"SafeShallows_TechSite_Barrier","126":"SafeShallows_EscapePod","127":"SafeShallows_TechSite_Scattered","128":"SafeShallows_TechSite_Scattered_Crate_Obsolete","200":"Kelp__Generic_Obsolete","201":"Kelp_SandRocky_Obsolete","202":"Kelp_GrassSparse","203":"Kelp_VineBase","204":"Kelp_GrassDense","205":"Kelp_Sand","206":"Kelp_Wall","207":"Kelp_Outcropping_Obsolete","208":"Kelp_CaveWall","209":"Kelp_CaveRecess_Obsolete","210":"Kelp_CavePlants_Obsolete","211":"Kelp_CaveFloor","212":"Kelp_CaveSpecial","213":"Kelp_CaveEntrance_Obsolete","214":"Kelp_ShellTunnel","215":"Kelp_UniqueCreature","216":"Kelp_UniqueCreatureCave","217":"Kelp_DenseVine","218":"Kelp_TechSite","219":"Kelp_TechSite_Hidden_Obsolete","220":"Kelp_TechSite_Barrier","221":"Kelp_EscapePod","222":"Kelp_TechSite_Scattered","300":"GrassyPlateaus__Generic_Obsolete","301":"GrassyPlateaus_Tower","302":"GrassyPlateaus_Grass","303":"GrassyPlateaus_Arch_Obsolete","304":"GrassyPlateaus_Sand","305":"GrassyPlateaus_Wall","306":"GrassyPlateaus_CaveCeiling","307":"GrassyPlateaus_CaveEntrance","308":"GrassyPlateaus_CaveWall","309":"GrassyPlateaus_CaveSpecial","310":"GrassyPlateaus_TowerBigTop_Obsolete","311":"GrassyPlateaus_ArchOutcropping_Obsolete","312":"GrassyPlateaus_ArchTop_Obsolete","313":"GrassyPlateaus_TowerBigBase_Obsolete","314":"GrassyPlateaus_TowerSmallBase_Obsolete","315":"GrassyPlateaus_CaveFloor","316":"GrassyPlateaus_CavePlants_Obsolete","317":"GrassyPlateaus_PlateauTop_Obsolete","318":"GrassyPlateaus_UniqueCreature_Obsolete","319":"GrassyPlateaus_UniqueCreatureSpecial_Obsolete","320":"GrassyPlateaus_TechSite","321":"GrassyPlateaus_TechSite_Barrier","322":"GrassyPlateaus_TechSite_Hidden_Unused","323":"GrassyPlateaus_EscapePod","324":"GrassyPlateaus_TechSite_Scattered","325":"GrassyPlateaus_OpenShallow_CreatureOnly","326":"GrassyPlateaus_OpenDeep_CreatureOnly","400":"MushroomForest__Generic_Obsolete","401":"MushroomForest_MushroomTreeBase","402":"MushroomForest_CaveCeiling","403":"MushroomForest_CaveEntrance","404":"MushroomForest_GiantTreeRootBase","405":"MushroomForest_GiantTreeInteriorWall","406":"MushroomForest_GiantTreeExterior","407":"MushroomForest_Sand","408":"MushroomForest_CaveRecess","409":"MushroomForest_CaveWall","410":"MushroomForest_CaveFloor","411":"MushroomForest_CaveSand","412":"MushroomForest_CavePlants","413":"MushroomForest_CaveSpecial","414":"MushroomForest_MushroomTreeTrunk","415":"MushroomForest_GiantTreeExteriorBase","416":"MushroomForest_GiantTreeInteriorFloor","417":"MushroomForest_GiantTreeInteriorCeiling","418":"MushroomForest_GiantTreeInteriorPlants","419":"MushroomForest_GiantTreeInteriorRecess","420":"MushroomForest_GiantTreeInteriorSpecial","421":"MushroomForest_GiantTreeInteriorEntrance","422":"MushroomForest_GiantTreeRoot","423":"MushroomForest_Grass","424":"MushroomForest_UniqueCreature","425":"MushroomForest_UniqueCreatureCave","426":"MushroomForest_CoralRoot","427":"MushroomForest_RockWall","428":"MushroomForest_TechSite","429":"MushroomForest_TechSite_Barrier","430":"MushroomForest_TechSite_Hidden_Obsolete","431":"MushroomForest_EscapePod","500":"KooshZone__Generic_Obsolete","501":"KooshZone_Koosharama","502":"KooshZone_HugeKooshBase","503":"KooshZone_KooshReefs","504":"KooshZone_Mountains","505":"KooshZone_MountainRidges","506":"KooshZone_Geyser","507":"KooshZone_CaveSpecial","508":"KooshZone_CaveFloor","509":"KooshZone_CaveWall","510":"KooshZone_Grass","511":"KooshZone_RockWall","512":"KooshZone_Sand","513":"KooshZone_Coral","514":"KooshZone_TechSite","515":"KooshZone_TechSite_Barrier","516":"KooshZone_TechSite_Hidden_Obsolete","517":"KooshZone_EscapePod","518":"KooshZone_TechSite_Scatter","519":"KooshZone_OpenShallow_CreatureOnly","520":"KooshZone_OpenDeep_CreatureOnly","600":"JellyshroomCaves__Generic_Obsolete","601":"JellyshroomCaves_Jellyshroom","602":"JellyshroomCaves_Geyser","603":"JellyshroomCaves_CaveFloor","604":"JellyshroomCaves_CaveSand","605":"JellyshroomCaves_CaveWall","606":"JellyshroomCaves_CaveCeiling","607":"JellyShroomCaves_CaveSpecial","608":"JellyShroomCaves_InsideShroom","609":"JellyShroomCaves_CrabSnake","610":"JellyShroomCaves_AbandonedBase_Inside","611":"JellyShroomCaves_TechSite_Barrier_Obsolete","612":"JellyShroomCaves_AbandonedBase_Outside","700":"FloatingIslands__Generic_Obsolete","701":"FloatingIslands_Special","702":"FloatingIslands_Beach","703":"FloatingIslands_Shallows","704":"FloatingIslands_Birds","705":"FloatingIslands_UnderSide","706":"FloatingIslands_AbandonedBase_Inside","707":"FloatingIslands_AbandonedBase_Outside","800":"LavaZone__Generic_Obsolete","801":"InactiveLavaZone_CastleTunnel_Floor","802":"InactiveLavaZone_CastleTunnel_Wall","803":"InactiveLavaZone_CastleTunnel_Ceiling","804":"InactiveLavaZone_CastleTunnel_Lava_CreatureOnly","805":"InactiveLavaZone_CastleChamber_Floor","806":"InactiveLavaZone_CastleChamber_Wall","807":"InactiveLavaZone_CastleChamber_Ceiling","808":"InactiveLavaZone_CastleChamber_Lava_CreatureOnly","809":"ActiveLavaZone_Falls_Open_CreatureOnly","810":"ActiveLavaZone_Falls_Floor","811":"ActiveLavaZone_Falls_Wall","812":"ActiveLavaZone_Falls_Ceiling","813":"ActiveLavaZone_Falls_Lava_CreatureOnly","814":"InactiveLavaZone_CastleChamber_Open_CreatureOnly","815":"InactiveLavaZone_CastleTunnel_Open_CreatureOnly","816":"InactiveLavaZone_Corridor_Floor","817":"InactiveLavaZone_Corridor_Wall","818":"InactiveLavaZone_Corridor_Ceiling","819":"InactiveLavaZone_Corridor_Lava_CreatureOnly","820":"InactiveLavaZone_Chamber_Floor","821":"InactiveLavaZone_Chamber_Wall","822":"InactiveLavaZone_Chamber_Ceiling","823":"InactiveLavaZone_Chamber_Lava","824":"InactiveLavaZone_Corridor_Open_CreatureOnly","825":"InactiveLavaZone_Chamber_Open_CreatureOnly","826":"InactiveLavaZone_Chamber_Open_UniqueCreatureOnly","827":"ActiveLavaZone_Chamber_Open_CreatureOnly","828":"ActiveLavaZone_Chamber_Floor","829":"ActiveLavaZone_Chamber_Wall","830":"ActiveLavaZone_Chamber_Ceiling","831":"ActiveLavaZone_Chamber_Lava_CreatureOnly","832":"InactiveLavaZone_Chamber_Floor_Far","833":"InactiveLavaZone_Corridor_Floor_Far","834":"ActiveLavaZone_Chamber_Floor_Far","835":"ActiveLavaZone_Falls_Floor_Far","836":"InactiveLavaZone_Chamber_Dragon_Open_CreatureOnly","837":"InactiveLavaZone_Chamber_MagmaTree","838":"InactiveLavaZone_Chamber_MagmaBubble","839":"InactiveLavaZone_LavaPit_Floor","840":"InactiveLavaZone_LavaPit_Wall","841":"InactiveLavaZone_LavaPit_Open_CreatureOnly","900":"ShipSpecial_SupplyCrate","901":"CrashHome","902":"ShipSpecial_ExplodedDebris_Obsolete","903":"ShipSpecial_Wreck_Obsolete","904":"ShipInterior_PlatformUnderwater","905":"ShipInterior_Platform","906":"ShipSpecial_WreckInterior_Obsolete","907":"ShipInterior_PlatformRecess","908":"ShipInterior_Corridor","909":"ShipInterior_PowerRoom","910":"ShipInterior_PowerRoomSpecial","911":"ShipSpecial_RoostBirds","912":"ShipSpecial_Birds","913":"CrashZone_Sand","914":"CrashZone_Rock","915":"CrashZone_TrenchSand","916":"CrashZone_TrenchRock","917":"CrashZone_TechSite_Obsolete","918":"CrashZone_TechSite_Hidden_Obsolete","919":"CrashZone_TechSite_Barrier_Obsolete","920":"ShipInterior_Cargo","921":"ShipInterior_LockerRoom","922":"ShipInterior_ExoRoom","923":"ShipInterior_ExoRoomPipes","924":"ShipInterior_AuxPowerRoom","925":"ShipInterior_AuxPowerRoom2","926":"ShipInterior_GenericRoom","927":"ShipInterior_Cargo_Crate","928":"ShipInterior_LockerRoom_Barrier","929":"ShipInterior_ExoRoom_Crate","930":"ShipInterior_ExoRoomPipes_Barrier","931":"ShipInterior_AuxPowerRoom_Barrier","932":"ShipInterior_AuxPowerRoom2_Barrier","933":"ShipInterior_GenericRoom_Barrier","934":"ShipInterior_Corridor_Barrier","935":"ShipInterior_LivingArea","936":"ShipInterior_LivingArea_Barrier","937":"CrashZone_EscapePod","938":"CrashZone_OpenShallow_CreatureOnly","939":"CrashZone_OpenDeep_CreatureOnly","1000":"Medkit_Storage","1001":"Aurora_UpgradeConsole","1002":"SupplyCrate_Supplies","1003":"ShipInterior_PowerRoomUnderwater","1004":"ShipInterior_PlatformRecessUnderwater","1005":"SparseReef_Sand","1007":"SparseReef_Wall","1009":"SparseReef_Coral","1011":"SparseReef_Spike","1013":"SparseReef_DeepWall","1014":"SparseReef_EscapePod","1015":"SparseReef_Techsite","1016":"SparseReef_Techsite_Barrier","1017":"SparseReef_Techsite_Scatter","1018":"SparseReef_OpenShallow_CreatureOnly","1019":"SparseReef_OpenDeep_CreatureOnly","1020":"SparseReef_DeepFloor","1021":"SparseReef_DeepCoral","1022":"SparseReef_CaveFloor","1023":"SparseReef_CaveCoral","1024":"SparseReef_CaveWall","1200":"UnderwaterIslands_ValleyFloor","1201":"UnderwaterIslands_ValleyWall","1202":"UnderwaterIslands_ValleyLedge","1203":"UnderwaterIslands_IslandTop","1204":"UnderwaterIslands_IslandSides","1205":"UnderwaterIslands_IslandPlants","1206":"UnderwaterIslands_CaveFloor_Obsolete","1207":"UnderwaterIslands_CaveWall_Obsolete","1208":"UnderwaterIslands_CavePlants_Obsolete","1209":"UnderwaterIslands_IslandCaveFloor","1210":"UnderwaterIslands_IslandCaveWall","1211":"UnderwaterIslands_IslandCavePlants","1212":"UnderwaterIslands_TechSite","1213":"UnderwaterIslands_TechSite_Barrier","1214":"UnderwaterIslands_TechSite_Hidden_Obsolete","1215":"UnderwaterIslands_TechSite_Scatter","1216":"UnderwaterIslands_OpenShallow_CreatureOnly","1217":"UnderwaterIslands_OpenDeep_CreatureOnly","1218":"UnderwaterIslands_Geyser","1300":"GrandReef_Ground","1301":"GrandReef_Grass","1302":"GrandReef_WhiteCoral","1303":"GrandReef_PurpleCoral","1304":"GrandReef_Wall","1305":"GrandReef_RockShallow_Underground_Obsolete","1306":"GrandReef_RockDeep_Underground_Obsolete","1307":"GrandReef_TreaderPath","1308":"GrandReef_BalancingRock_Unused","1309":"GrandReef_BalancingRockInterior_Unused","1310":"GrandReef_CaveFloor","1311":"GrandReef_CaveWall","1312":"GrandReef_CaveCeiling","1313":"GrandReef_TechSite","1314":"GrandReef_TechSite_Barrier","1315":"GrandReef_TechSite_Hidden_Obsolete","1316":"GrandReef_TechSite_Scattered","1317":"GrandReef_TechSite_Scattered_Crate_Obsolete","1318":"GrandReef_OpenShallow_CreatureOnly","1319":"GrandReef_OpenDeep_CreatureOnly","1320":"GrandReef_ThermalVent","1400":"DeepGrandReef_Ground","1401":"DeepGrandReef_ThermalVent","1402":"DeepGrandReef_BlueCoral","1403":"DeepGrandReef_Wall","1404":"DeepGrandReef_Ceiling","1405":"DeepGrandReef_RockShallow_Obsolete","1406":"DeepGrandReef_RockDeep_Obsolete","1407":"DeepGrandReef_AbandonedBase_Interior","1408":"DeepGrandReef_AbandonedBase_Exterior","1500":"BloodKelp_Floor","1501":"BloodKelp_Wall","1502":"BloodKelp_Roots","1503":"BloodKelp_CaveFloor","1504":"BloodKelp_CaveWall","1505":"BloodKelp_CaveCeiling","1506":"BloodKelp_CaveRoots","1507":"BloodKelp_TrenchFloor","1508":"BloodKelp_TrenchWall","1509":"BloodKelp_TrenchRoots","1510":"BloodKelp_WreckCreatures","1511":"BloodKelp_TechSite","1512":"BloodKelp_TechSite_Barrier","1513":"BloodKelp_ShockerEggs","1514":"BloodKelp_TechSite_Hidden_Obsolete","1515":"BloodKelp_UniqueCreatures","1516":"BloodKelp_Grass","1517":"BloodKelp_EscapePod","1518":"BloodKelp_OpenShallow_CreatureOnly","1519":"BloodKelp_OpenDeep_CreatureOnly","1520":"BloodKelp_TechSite_Scatter","1600":"Mountains_Sand","1601":"Mountains_Rock","1602":"Mountains_Grass","1603":"Mountains_CaveFloor","1604":"Mountains_CaveWall","1605":"Mountains_CaveCeiling","1606":"Mountains_IslandSand","1607":"Mountains_IslandRock","1608":"Mountains_IslandGrass","1609":"Mountains_IslandCaveFloor","1610":"Mountains_IslandCaveWall","1611":"Mountains_IslandCaveCeiling","1612":"Mountains_ThermalVent","1613":"Mountains_Birds","1614":"Mountains_TechSite","1615":"Mountains_TechSite_Barrier","1616":"Mountains_TechSite_Hidden_Obsolete","1617":"Mountains_TechSite_Scatter","1618":"Mountains_EscapePod","1619":"Mountains_OpenShallow_CreatureOnly","1620":"Mountains_OpenDeep_CreatureOnly","1700":"Dunes_SandDune","1701":"Dunes_SandPlateau","1702":"Dunes_Grass","1703":"Dunes_Rock","1704":"Dunes_CaveWall","1705":"Dunes_CaveFloor","1706":"Dunes_CaveCeiling","1707":"Dunes_TechSite","1708":"Dunes_TechSite_Barrier","1709":"Dunes_TechSite_Hidden_Obsolete","1710":"Dunes_TechSite_Scatter","1711":"Dunes_OpenShallow_CreatureOnly","1712":"Dunes_OpenDeep_CreatureOnly","1713":"Dunes_ThermalVent","1714":"Dunes_ThermalVent_Sand","1715":"Dunes_ThermalVent_Grass","1716":"Dunes_ThermalVent_Rock","1717":"Dunes_Crater_Sand","1718":"Dunes_Crater_Rock","1800":"SeaTreaderPath_Path","1801":"SeaTreaderPath_Sand","1802":"SeaTreaderPath_Grass","1803":"SeaTreaderPath_Rock","1804":"SeaTreaderPath_CaveWall","1805":"SeaTreaderPath_CaveFloor","1806":"SeaTreaderPath_CaveCeiling","1807":"SeaTreaderPath_TechSite","1808":"SeaTreaderPath_TechSite_Barrier","1809":"SeaTreaderPath_TechSite_Hidden_Obsolete","1810":"SeaTreaderPath_OpenShallow_CreatureOnly","1811":"SeaTreaderPath_OpenDeep_CreatureOnly","1812":"SeaTreaderPath_TechSite_Scatter","1900":"TreeCove_Ground","1901":"TreeCove_Wall","1902":"TreeCove_LedgeSide","1903":"TreeCove_Ceiling","1904":"TreeCove_Algae","1905":"TreeCove_LakeFloor","1906":"TreeCove_LakeWall","1907":"TreeCove_Open_CreatureOnly","1908":"TreeCove_TreeOpen_CreatureOnly","2000":"BonesField_Ground","2001":"BonesField_Wall","2002":"BonesField_LedgeSide","2003":"BonesField_LedgeTop","2004":"BonesField_Ceiling","2005":"BonesField_Algae","2006":"BonesField_Lake_Floor","2007":"BonesField_LakePit_Floor","2008":"BonesField_LakePit_Wall","2009":"BonesField_Open_Creature","2010":"BonesField_LakePit_Open_CreatureOnly","2011":"BonesField_Skeleton_Open_CreatureOnly","2012":"BonesField_Corridor_Ground","2013":"BonesField_Corridor_Wall","2014":"BonesField_Corridor_Ceiling","2015":"BonesField_Corridor_Algae","2016":"BonesField_Corridor_Stream","2017":"BonesField_Corridor_CreatureOnly","2018":"BonesField_Corridor_Skeleton_Open_CreatureOnly","2019":"BonesField_Cave_Wall","2020":"BonesField_Cave_Ground","2021":"BonesField_Cave_Grass","2022":"BonesField_Cave_Ceiling","2023":"BonesField_ThermalVent","2100":"GhostTree_Ground","2101":"GhostTree_Wall","2102":"GhostTree_LedgeSide","2103":"GhostTree_LedgeTop","2104":"GhostTree_Ceiling","2105":"GhostTree_Grass","2106":"GhostTree_Lake_Floor","2107":"GhostTree_LakePit_Floor","2108":"GhostTree_LakePit_Wall","2109":"GhostTree_Open_CreatureOnly","2110":"GhostTree_LakePit_Open_CreatureOnly","2111":"GhostTree_Skeleton_Open_CreatureOnly","2112":"GhostTree_Open_Big_CreatureOnly","2113":"GhostTree_Ground_Lower","2200":"LostRiverJunction_Ground","2201":"LostRiverJunction_Ceiling","2202":"LostRiverJunction_Wall","2203":"LostRiverJunction_Roots","2204":"LostRiverJunction_LakeFloor","2205":"LostRiverJunction_LakeWall","2206":"LostRiverJunction_Open_CreatureOnly","2207":"LostRiverJunction_LostRiverBase_Interior","2208":"LostRiverJunction_ThermalVent","2300":"Canyon_Ground","2301":"Canyon_Wall","2302":"Canyon_Ceiling","2303":"Canyon_Grass","2304":"Canyon_Algae","2305":"Canyon_Lake_Floor","2306":"Canyon_Open_CreatureOnly","2400":"SkeletonCave_Ground","2401":"SkeletonCave_Wall","2402":"SkeletonCave_Ceiling","2403":"SkeletonCave_Grass","2404":"SkeletonCave_Algae","2405":"SkeletonCave_Lake_Floor","2406":"SkeletonCave_Open_CreatureOnly","2407":"SkeletonCave_Skeleton","2500":"CragField_Ground","2501":"CragField_Grass","2502":"CragField_Rock","2503":"CragField_Sand","2504":"CragField_OpenShallow_CreatureOnly","2505":"CragField_OpenDeep_CreatureOnly","2600":"PrisonAquarium_Sand","2601":"PrisonAquarium_Grass","2602":"PrisonAquarium_Rock","2603":"PrisonAquarium_Coral","2604":"PrisonAquarium_SpecialCoral","2605":"PrisonAquarium_DeadCoral","2606":"PrisonAquarium_CaveFloor","2607":"PrisonAquarium_CaveWall","2608":"PrisonAquarium_CaveCeiling","2609":"PrisonAquarium_Open_CreatureOnly","2700":"Precursor_SurfaceVent_Generic","2800":"Mesas_Open","2801":"Mesas_Side","2802":"Mesas_Top","2900":"LostRiverCorridor_Ground","2901":"LostRiverCorridor_Ceiling","2902":"LostRiverCorridor_Wall","2903":"LostRiverCorridor_Roots","2904":"LostRiverCorridor_LakeFloor","2905":"LostRiverCorridor_LakeWall","2906":"LostRiverCorridor_Open_CreatureOnly","2907":"LostRiverCorridor_LostRiverBase_Interior","2908":"LostRiverCorridor_ThermalVents","10000":"FragmentBaseBioReactor","10001":"FragmentBaseNuclearReactor","10002":"FragmentThermalPlant","10003":"FragmentBaseBulkhead","10004":"FragmentBaseRoom","10005":"FragmentBaseUpgradeConsole","10006":"FragmentConstructor","10007":"FragmentExosuit","10008":"FragmentSeamoth","10009":"FragmentWorkbench","10010":"FragmentCyclopsBridge","10011":"FragmentCyclopsEngine","10012":"FragmentCyclopsHullLarge","10013":"FragmentCyclopsHullMedium","10014":"FragmentBatteryCharger","10015":"FragmentPowerCellCharger"}