{"Tank":3.0,"DoubleTank":5.0,"PlasteelTank":3.0,"HighCapacityTank":3.0,"AirBladder":3.0,"Welder":3.0,"LaserCutter":3.0,"Builder":3.0,"Fins":3.0,"SwimChargeFins":3.0,"UltraGlideFins":3.0,"Scanner":3.0,"LEDLight":3.0,"Flashlight":3.0,"DiveReel":3.0,"Rebreather":3.0,"PowerCell":3.0,"ReactorRod":3.0,"FirstAidKit":3.0,"FireExtinguisher":3.0,"CurrentGenerator":4.0,"Gravsphere":4.0,"Beacon":4.0,"SmallStorage":4.0,"CyclopsDecoy":4.0,"TitaniumIngot":5.0,"PlasteelIngot":5.0,"PropulsionCannon":5.0,"RepulsionCannon":5.0,"StasisRifle":5.0,"Transfuser":5.0,"Terraformer":5.0,"Seaglide":5.0,"PowerGlide":5.0,"Stillsuit":6.0,"RadiationSuit":6.0,"ReinforcedDiveSuit":6.0,"Constructor":10.0,"PrecursorIonPowerCell":4.0,"PrecursorIonBattery":2.0}