{"Rebreather":2,"RadiationHelmet":2,"DiveSuit":3,"RadiationSuit":3,"Stillsuit":3,"ReinforcedDiveSuit":3,"Fins":5,"UltraGlideFins":5,"SwimChargeFins":5,"RadiationGloves":4,"ReinforcedGloves":4,"Tank":6,"DoubleTank":6,"PlasteelTank":6,"HighCapacityTank":6,"Compass":7,"Thermometer":7,"Signal":7,"HullReinforcementModule":8,"HullReinforcementModule2":8,"HullReinforcementModule3":8,"CyclopsHullModule1":8,"CyclopsHullModule2":8,"CyclopsHullModule3":8,"PowerUpgradeModule":8,"CyclopsShieldModule":8,"CyclopsSonarModule":8,"CyclopsSeamothRepairModule":8,"CyclopsDecoyModule":8,"CyclopsFireSuppressionModule":8,"CyclopsThermalReactorModule":8,"CyclopsDecoy":16,"VehicleArmorPlating":9,"VehiclePowerUpgradeModule":9,"VehicleStorageModule":9,"LootSensorMetal":9,"LootSensorLithium":9,"LootSensorFragment":9,"VehicleHullModule1":13,"VehicleHullModule2":13,"VehicleHullModule3":13,"SeamothReinforcementModule":13,"SeamothSolarCharge":13,"SeamothElectricalDefense":13,"SeamothTorpedoModule":13,"SeamothSonarModule":13,"ExoHullModule1":14,"ExoHullModule2":14,"ExosuitThermalReactorModule":14,"ExosuitJetUpgradeModule":14,"ExosuitClawArmModule":15,"ExosuitPropulsionArmModule":15,"ExosuitGrapplingArmModule":15,"ExosuitDrillArmModule":15,"ExosuitTorpedoArmModule":15,"ReactorRod":10,"DepletedReactorRod":10,"Battery":11,"LithiumIonBattery":11,"PrecursorIonBattery":11,"PowerCell":12,"PrecursorIonPowerCell":12,"MapRoomHUDChip":7,"MapRoomCamera":1,"MapRoomUpgradeScanRange":0,"MapRoomUpgradeScanSpeed":0,"ScrapMetal":1,"Knife":1,"Drill":1,"Flashlight":1,"LEDLight":1,"Beacon":1,"Scanner":1,"Builder":1,"AirBladder":1,"Terraformer":1,"Pipe":1,"PipeSurfaceFloater":1,"DiveReel":1,"Welder":1,"Seaglide":1,"Constructor":1,"Transfuser":1,"Flare":1,"StasisRifle":1,"PropulsionCannon":1,"Gravsphere":1,"SmallStorage":1,"FireExtinguisher":1,"DiamondBlade":1,"HeatBlade":1,"RepulsionCannon":1,"PowerGlide":1,"LaserCutter":1,"HoleFish":1,"Peeper":1,"Oculus":1,"GarryFish":1,"Boomerang":1,"LavaBoomerang":1,"Eyeye":1,"LavaEyeye":1,"Bladderfish":1,"Hoverfish":1,"Reginald":1,"Floater":1,"Hoopfish":1,"Spadefish":1,"Spinefish":1,"Poster":1,"PosterAurora":1,"PosterExoSuit1":1,"PosterExoSuit2":1,"PosterKitty":1,"LuggageBag":1,"ArcadeGorgetoy":1,"LabEquipment1":1,"LabEquipment2":1,"LabEquipment3":1,"Cap1":1,"Cap2":1,"LabContainer":1,"LabContainer2":1,"LabContainer3":1,"StarshipSouvenir":1,"ToyCar":1}