{"0":"Jump","1":"PDA","2":"Deconstruct","3":"Exit","4":"LeftHand","5":"RightHand","6":"CycleNext","7":"CyclePrev","8":"Slot1","9":"Slot2","10":"Slot3","11":"Slot4","12":"Slot5","13":"AltTool","14":"TakePicture","15":"Reload","16":"Sprint","17":"MoveUp","18":"MoveDown","19":"MoveForward","20":"MoveBackward","21":"MoveLeft","22":"MoveRight","23":"LookUp","24":"LookDown","25":"LookLeft","26":"LookRight","27":"UISubmit","28":"UICancel","29":"UIClear","30":"UILeft","31":"UIRight","32":"UIUp","33":"UIDown","34":"UIMenu","35":"UIAdjustLeft","36":"UIAdjustRight","37":"UINextTab","38":"UIPrevTab","39":"Feedback","40":"UIRightStickAdjustLeft","41":"UIRightStickAdjustRight"}