{"0":"Unknown","65495601":"Achievements_AddCount","346693929":"Achievements_AddFields","64177549":"Achievements_GetAllDefinitions","1335877149":"Achievements_GetAllProgress","1653670332":"Achievements_GetDefinitionsByName","354837425":"Achievements_GetProgressByName","1497156573":"Achievements_Unlock","409688241":"Entitlement_GetIsViewerEntitled","532378329":"IAP_ConsumePurchase","2124073717":"IAP_GetProductsBySKU","974095385":"IAP_GetViewerPurchases","1067126029":"IAP_LaunchCheckoutFlow","1572030284":"Leaderboard_GetEntries","406293487":"Leaderboard_GetEntriesAfterRank","1310751961":"Leaderboard_GetNextEntries","1224858304":"Leaderboard_GetPreviousEntries","293587198":"Leaderboard_WriteEntry","509948616":"Matchmaking_Browse","543705519":"Matchmaking_Cancel","1615617480":"Matchmaking_CreateAndEnqueueRoom","54203178":"Matchmaking_CreateRoom","1086418033":"Matchmaking_Enqueue","1888108644":"Matchmaking_EnqueueRoom","439800205":"Matchmaking_ReportResultInsecure","1154746693":"Matchmaking_StartMatch","1977017207":"Room_CreateAndJoinPrivate","1704628152":"Room_Get","161916164":"Room_GetCurrent","234887141":"Room_GetCurrentForUser","506615698":"Room_GetInvitableUsers","159645047":"Room_GetModeratedRooms","1093266451":"Room_InviteUser","382373641":"Room_Join","1233344310":"Room_KickUser","1916281973":"Room_Leave","809796911":"Room_SetDescription","40779816":"Room_UpdateDataStore","850803997":"Room_UpdateOwner","1808768583":"User_Get","111696574":"User_GetAccessToken","1131361373":"User_GetLoggedInUser","1484532365":"User_GetLoggedInUserFriends","578880643":"User_GetUserProof","197393623":"Notification_Matchmaking_MatchFound","1577243802":"Notification_Networking_ConnectionStateChange","1295114959":"Notification_Networking_PeerConnectRequest","1829794225":"Notification_Room_InviteAccepted","1626094639":"Notification_Room_RoomUpdate"}