{"VehicleHullModule1":1,"VehicleHullModule2":1,"VehicleHullModule3":1,"VehicleArmorPlating":1,"VehiclePowerUpgradeModule":1,"VehicleStorageModule":1,"LootSensorMetal":6,"LootSensorLithium":6,"LootSensorFragment":6,"SeamothReinforcementModule":1,"SeamothSolarCharge":1,"SeamothElectricalDefense":4,"SeamothTorpedoModule":3,"SeamothSonarModule":3,"ExoHullModule1":1,"ExoHullModule2":1,"ExosuitThermalReactorModule":1,"ExosuitJetUpgradeModule":1,"ExosuitClawArmModule":3,"ExosuitPropulsionArmModule":3,"ExosuitGrapplingArmModule":3,"ExosuitDrillArmModule":3,"ExosuitTorpedoArmModule":3}